/*
 Navicat Premium Data Transfer

 Source Server         : rm-wz9w6sgg78t2319s5mo.mysql.rds.aliyuncs.com
 Source Server Type    : MySQL
 Source Server Version : 50720
 Source Host           : rm-wz9w6sgg78t2319s5mo.mysql.rds.aliyuncs.com:3306
 Source Schema         : luckwine-synthesize

 Target Server Type    : MySQL
 Target Server Version : 50720
 File Encoding         : 65001

 Date: 17/02/2019 21:43:01
*/

SET NAMES utf8mb4;
SET FOREIGN_KEY_CHECKS = 0;

-- ----------------------------
-- Table structure for ad_content
-- ----------------------------
DROP TABLE IF EXISTS `ad_content`;
CREATE TABLE `ad_content`  (
  `ad_content_id` varchar(36) CHARACTER SET utf8 COLLATE utf8_bin NOT NULL,
  `title` varchar(100) CHARACTER SET utf8 COLLATE utf8_bin NULL DEFAULT NULL COMMENT '标题',
  `item_id` bigint(20) NULL DEFAULT NULL COMMENT '商品ID',
  `price` decimal(14, 2) NULL DEFAULT NULL COMMENT '货品价格',
  `jump_url` varchar(8000) CHARACTER SET utf8 COLLATE utf8_bin NULL DEFAULT NULL COMMENT '跳转链接',
  `type` int(2) NULL DEFAULT NULL COMMENT '内容类型(1:自定义广告 2:视频广告 3:抽取商品广告)',
  `image_url` varchar(1500) CHARACTER SET utf8 COLLATE utf8_bin NULL DEFAULT NULL COMMENT '广告图片',
  `introduction` varchar(255) CHARACTER SET utf8 COLLATE utf8_bin NULL DEFAULT NULL COMMENT '简介',
  `sort_weight` int(8) NULL DEFAULT NULL COMMENT '排序权重',
  `time_start` datetime(0) NULL DEFAULT NULL COMMENT '开始时间',
  `time_end` datetime(0) NULL DEFAULT NULL COMMENT '结束时间',
  `status` int(1) NULL DEFAULT 0 COMMENT '投放状态(0:待生效,1:已生效,2:已下架)',
  `remarks` varchar(400) CHARACTER SET utf8 COLLATE utf8_bin NULL DEFAULT '' COMMENT '备注',
  `ad_module_id` varchar(48) CHARACTER SET utf8 COLLATE utf8_bin NULL DEFAULT NULL COMMENT '广告模块编码',
  `operating_time` datetime(0) NULL DEFAULT NULL COMMENT '操作时间',
  PRIMARY KEY (`ad_content_id`) USING BTREE
) ENGINE = InnoDB CHARACTER SET = utf8 COLLATE = utf8_bin COMMENT = '广告内容列表' ROW_FORMAT = Dynamic;

-- ----------------------------
-- Records of ad_content
-- ----------------------------
INSERT INTO `ad_content` VALUES ('0e0cb9d4-f613-4c69-b67e-ad5b4e77cc57', '测试7', 0, 333.00, 'http://luckwine-prod.oss-cn-shenzhen.aliyuncs.com/luckwine/ad/ed0035dc9187463aba52001ad3529a6a.jpg', 1, 'http://luckwine-prod.oss-cn-shenzhen.aliyuncs.com/luckwine/ad/ed0035dc9187463aba52001ad3529a6a.jpg', '测试7', 0, '2018-10-29 00:00:00', '2019-12-01 00:00:00', 1, '', '100001', '2018-11-10 14:26:09');
INSERT INTO `ad_content` VALUES ('1', '38°茅台飞天500ml', 10004206, 1212.00, '/goodsDetails?productId=10004206', 1, 'https://luckwine-prod.oss-cn-shenzhen.aliyuncs.com/luckwine/ad/u1129.png', '38°茅台飞天500ml', 1, '2018-10-01 00:00:00', '2019-12-01 00:00:00', 1, '', '100002', '2018-11-06 20:58:29');
INSERT INTO `ad_content` VALUES ('10', '52°水井坊往事', 10004208, 1899.00, '/goodsDetails?productId=1052034697770598402&skuId=10006228', 1, 'https://luckwine-prod.oss-cn-shenzhen.aliyuncs.com/goods/49/4247/1052034697770598402/4365c5cf-cca8-4e3c-a1b1-fa55fd6bd1ac.jpg', '52°水井坊往事500ml', 3, '2018-10-01 00:00:00', '2019-12-01 00:00:00', 1, '', '100005', NULL);
INSERT INTO `ad_content` VALUES ('100', '德国库斯特', 10004206, 1970.00, '/goodsDetails?productId=1052053897872420865&skuId=10011982', 1, 'https://luckwine-prod.oss-cn-shenzhen.aliyuncs.com/goods/57/5434/1052053897872420865/0acbb50b-292a-4686-a29b-e7cad3919e32.jpg', '德国库斯特', 1, '2018-10-01 00:00:00', '2019-12-01 00:00:00', 1, '', '100008', NULL);
INSERT INTO `ad_content` VALUES ('101', '', 10004206, NULL, 'https://luckwine-prod.oss-cn-shenzhen.aliyuncs.com/luckwine/ad/b6a57d44e244420d8840a2fafd6d7e0e.jpg', 1, 'https://luckwine-prod.oss-cn-shenzhen.aliyuncs.com/luckwine/ad/b6a57d44e244420d8840a2fafd6d7e0e.jpg', '', 1, '2018-10-01 00:00:00', '2019-12-01 00:00:00', 1, '', '100012', NULL);
INSERT INTO `ad_content` VALUES ('102', '', 10004206, NULL, 'https://luckwine-prod.oss-cn-shenzhen.aliyuncs.com/luckwine/ad/843458a8c716462fae134cdce43c63c1.jpg', 1, 'https://luckwine-prod.oss-cn-shenzhen.aliyuncs.com/luckwine/ad/843458a8c716462fae134cdce43c63c1.jpg', '', 1, '2018-10-01 00:00:00', '2019-12-01 00:00:00', 1, '', '100013', NULL);
INSERT INTO `ad_content` VALUES ('11', '42°一品景芝吉品', 10004206, 1561.00, '/goodsDetails?productId=1052034743320739842&skuId=10006249', 1, 'https://luckwine-prod.oss-cn-shenzhen.aliyuncs.com/goods/49/4444/1052034743320739842/1ae2c8cc-f299-4752-94e3-7d076bd7bbb7.jpg', '42°一品景芝吉品500ml', 1, '2018-10-01 00:00:00', '2019-12-01 00:00:00', 1, '', '100005', NULL);
INSERT INTO `ad_content` VALUES ('12', '中国云南小干红', 10004206, 1780.00, '/goodsDetails?productId=1052034812904243201&skuId=10006281', 1, 'https://luckwine-prod.oss-cn-shenzhen.aliyuncs.com/goods/50/4499/1052034812904243201/cd9a2bdd-66a8-4beb-a6c2-6647a82fec9d.jpg', '中国云南小干红', 1, '2018-10-01 00:00:00', '2019-12-01 00:00:00', 1, '', '100006', NULL);
INSERT INTO `ad_content` VALUES ('13', '阿旺沙城堡干红', 10004207, 644.00, '/goodsDetails?productId=1052034984530968578&skuId=10006361', 1, 'https://luckwine-prod.oss-cn-shenzhen.aliyuncs.com/goods/50/4486/1052034984530968578/db5b3c2e-4fe3-41d9-b818-c0f737d19069.jpg', '阿旺沙城堡干红', 2, '2018-10-01 00:00:00', '2019-12-01 00:00:00', 1, '', '100006', NULL);
INSERT INTO `ad_content` VALUES ('14', '瑞都麝香起泡葡萄酒', 10004208, 1418.00, '/goodsDetails?productId=1052035406020771841&skuId=10006483', 1, 'https://luckwine-prod.oss-cn-shenzhen.aliyuncs.com/goods/50/4527/1052035406020771841/bb3d5126-9838-4df4-a42f-01c4637c6ff8.jpg', '瑞都麝香起泡葡萄酒', 3, '2018-10-01 00:00:00', '2019-12-01 00:00:00', 1, '', '100006', NULL);
INSERT INTO `ad_content` VALUES ('15', '圣地酒园佳美娜干红', 10004206, 293.00, '/goodsDetails?productId=1052035407908208642&skuId=10006484', 1, 'https://luckwine-prod.oss-cn-shenzhen.aliyuncs.com/goods/50/4528/1052035407908208642/547eb2fe-77a5-4b20-875b-768642038db3.jpg', '圣地酒园佳美娜干红', 1, '2018-10-01 00:00:00', '2019-12-01 00:00:00', 1, '', '100006', NULL);
INSERT INTO `ad_content` VALUES ('16', '46°一品景芝妙品', 10004206, 439.00, '/goodsDetails?productId=1052034744990072834&skuId=10006250', 1, 'https://luckwine-prod.oss-cn-shenzhen.aliyuncs.com/goods/49/4444/1052034744990072834/a4bc9b59-d8c4-446c-adeb-bec39ec117e0.jpg', '46°一品景芝妙品500ml', 1, '2018-10-01 00:00:00', '2019-12-01 00:00:00', 1, '', '100005', NULL);
INSERT INTO `ad_content` VALUES ('17', '45°河套王8年', 10004207, 1053.00, '/goodsDetails?productId=1052034969762824193&skuId=10006354', 1, 'https://luckwine-prod.oss-cn-shenzhen.aliyuncs.com/goods/49/4354/1052034969762824193/748a34f6-7d3f-4156-9fc3-837c139780b9.jpg', '45°河套王8年500ml（河套酒业副总经理张卫东签名版）', 2, '2018-10-01 00:00:00', '2019-12-01 00:00:00', 1, '', '100005', NULL);
INSERT INTO `ad_content` VALUES ('18', '52°府藏孔府家捌', 10004208, 430.00, '/goodsDetails?productId=1052035007582863362&skuId=10006371', 1, 'https://luckwine-prod.oss-cn-shenzhen.aliyuncs.com/goods/49/4364/1052035007582863362/84ee5b7f-6914-4a49-98ab-0bc112907961.jpg', '52°府藏孔府家捌500ml', 3, '2018-10-01 00:00:00', '2019-12-01 00:00:00', 1, '', '100005', NULL);
INSERT INTO `ad_content` VALUES ('19', '42°北特加600ml', 10004206, 1118.00, '/goodsDetails?productId=1052034818793046018&skuId=10006284', 1, 'https://luckwine-prod.oss-cn-shenzhen.aliyuncs.com/goods/49/4219/1052034818793046018/837d0c73-91d0-4601-bac7-47aad45b31c2.jpg', '42°北特加600ml（6瓶装）', 1, '2018-10-01 00:00:00', '2019-12-01 00:00:00', 1, '', '100005', NULL);
INSERT INTO `ad_content` VALUES ('2', '43°茅台飞天500ml', 10004207, 1098.00, '/goodsDetails?productId=10004207', 1, 'https://luckwine-prod.oss-cn-shenzhen.aliyuncs.com/luckwine/ad/u1130.png\n', '43°茅台飞天500ml', 2, '2018-10-01 00:00:00', '2019-12-01 00:00:00', 1, '', '100002', NULL);
INSERT INTO `ad_content` VALUES ('20', '38°茅台飞天500ml', 10004206, 1722.00, '/goodsDetails?productId=10004206', 1, 'https://luckwine-prod.oss-cn-shenzhen.aliyuncs.com/goods/50/4495/1052034718565957633/c91f63dc-990c-4a8d-8d0e-30df26b4743a.jpg?x-oss-process=image/resize,m_fixed,h_206,w_206', '43°茅台飞天500ml', 1, '2018-10-01 00:00:00', '2019-12-01 00:00:00', 2, '', '100009', NULL);
INSERT INTO `ad_content` VALUES ('21', '38°茅台飞天500ml', 10004207, 1098.00, '/goodsDetails?productId=10004207', 1, 'https://luckwine-prod.oss-cn-shenzhen.aliyuncs.com/goods/50/4495/1052034718565957633/c91f63dc-990c-4a8d-8d0e-30df26b4743a.jpg?x-oss-process=image/resize,m_fixed,h_206,w_206', '53°茅台飞天500ml', 2, '2018-10-01 00:00:00', '2019-12-01 00:00:00', 2, '', '100009', NULL);
INSERT INTO `ad_content` VALUES ('22', '43°茅台飞天500ml', 10004208, 1899.00, '/goodsDetails?productId=10004208', 1, 'https://luckwine-prod.oss-cn-shenzhen.aliyuncs.com/goods/50/4495/1052034718565957633/c91f63dc-990c-4a8d-8d0e-30df26b4743a.jpg?x-oss-process=image/resize,m_fixed,h_206,w_206', '38°茅台飞天500ml', 3, '2018-10-01 00:00:00', '2019-12-01 00:00:00', 2, '', '100009', NULL);
INSERT INTO `ad_content` VALUES ('23', '53°茅台飞天500ml', 10004208, 1899.00, '/goodsDetails?productId=10004208', 1, 'https://luckwine-prod.oss-cn-shenzhen.aliyuncs.com/luckwine/ad/u1132.png', '53°茅台飞天500ml', 3, '2018-10-01 00:00:00', '2019-12-01 00:00:00', 1, '', '100002', NULL);
INSERT INTO `ad_content` VALUES ('24', '雪花啤酒清爽', 10004206, 374.00, '/goodsDetails?productId=1052044518112636930&skuId=10009425', 1, 'https://luckwine-prod.oss-cn-shenzhen.aliyuncs.com/goods/57/5086/1052044518112636930/b1205cdb-8880-48f1-9b43-61d5c0c07b98.jpg', '雪花啤酒清爽', 1, '2018-10-01 00:00:00', '2019-12-01 00:00:00', 1, '', '100008', NULL);
INSERT INTO `ad_content` VALUES ('25', '燕京四瓶组合', 10004206, 1018.00, '/goodsDetails?productId=1052044613239451650&skuId=10009459', 1, 'https://luckwine-prod.oss-cn-shenzhen.aliyuncs.com/goods/57/5038/1052044613239451650/dd6c80e9-a18e-4703-8b91-c6a0f122fb38.jpg', '燕京四瓶组合', 1, '2018-10-01 00:00:00', '2019-12-01 00:00:00', 1, '', '100008', NULL);
INSERT INTO `ad_content` VALUES ('26', 'HB皇家黑啤易拉罐', 10004206, 821.00, '/goodsDetails?productId=1052044906450661377&skuId=10009556', 1, 'https://luckwine-prod.oss-cn-shenzhen.aliyuncs.com/goods/57/5029/1052044906450661377/5b064791-d175-4845-acce-1dee26df3d94.jpg', 'HB皇家黑啤易拉罐', 1, '2018-10-01 00:00:00', '2019-12-01 00:00:00', 1, '', '100008', NULL);
INSERT INTO `ad_content` VALUES ('26d5624b-ec4f-4308-9764-4bfd14b2a106', '测试9', 0, 333.00, 'http://luckwine-prod.oss-cn-shenzhen.aliyuncs.com/luckwine/ad/f1313d3458814dff8000170cdb63fe42.jpg', 1, 'http://luckwine-prod.oss-cn-shenzhen.aliyuncs.com/luckwine/ad/f1313d3458814dff8000170cdb63fe42.jpg', '测试9', 0, '2018-10-29 00:00:00', '2019-12-01 00:00:00', 1, '', '100001', '2018-11-10 14:26:20');
INSERT INTO `ad_content` VALUES ('27', '韩国海特黑啤酒', 10004206, 520.00, '/goodsDetails?productId=1052044923576004609&skuId=10009562', 1, 'https://luckwine-prod.oss-cn-shenzhen.aliyuncs.com/goods/57/5076/1052044923576004609/e522eb76-f708-4da9-96ed-f7b623c88af2.jpg', '韩国海特黑啤酒', 1, '2018-10-01 00:00:00', '2019-12-01 00:00:00', 1, '', '100008', NULL);
INSERT INTO `ad_content` VALUES ('28', '燕京精品啤酒', 10004206, 1778.00, '/goodsDetails?productId=1052044936599318530&skuId=10009567', 1, 'https://luckwine-prod.oss-cn-shenzhen.aliyuncs.com/goods/57/5038/1052044936599318530/9ac80328-26c8-4c3b-8d3b-e739a88c4eb1.jpg', '燕京精品啤酒', 1, '2018-10-01 00:00:00', '2019-12-01 00:00:00', 1, '', '100008', NULL);
INSERT INTO `ad_content` VALUES ('29', '哈尔博蓝熊啤酒', 10004206, 1364.00, '/goodsDetails?productId=1052044950482464770&skuId=10009572', 1, 'https://luckwine-prod.oss-cn-shenzhen.aliyuncs.com/goods/57/5031/1052044950482464770/7233ef98-b87f-4c81-b046-e61a2a2d04f4.jpg', '哈尔博蓝熊啤酒', 1, '2018-10-01 00:00:00', '2019-12-01 00:00:00', 1, '', '100008', NULL);
INSERT INTO `ad_content` VALUES ('2ae24dbe-11dd-41a4-a50e-829414fc21ba', '测试4', 0, 333.00, 'http://luckwine-prod.oss-cn-shenzhen.aliyuncs.com/luckwine/ad/2bcc4a41913846ff890786ee38a74015.jpg', 1, 'http://luckwine-prod.oss-cn-shenzhen.aliyuncs.com/luckwine/ad/2bcc4a41913846ff890786ee38a74015.jpg', '测试4', 0, '2018-10-29 00:00:00', '2019-12-01 00:00:00', 1, '', '100001', '2018-11-10 14:25:51');
INSERT INTO `ad_content` VALUES ('3', '53°茅台飞天500ml', 10004208, 1899.00, '/goodsDetails?productId=10004208', 1, 'https://luckwine-prod.oss-cn-shenzhen.aliyuncs.com/luckwine/ad/u1131.png', '53°茅台飞天500ml', 3, '2018-10-01 00:00:00', '2019-12-01 00:00:00', 1, '', '100002', NULL);
INSERT INTO `ad_content` VALUES ('30', '百威啤酒', 10004206, 700.00, '/goodsDetails?productId=1052045103650058242&skuId=10009603', 1, 'https://luckwine-prod.oss-cn-shenzhen.aliyuncs.com/goods/57/5034/1052045103650058242/81d93bce-9408-475f-b1bb-cfd59e0237c6.jpg', '百威啤酒', 1, '2018-10-01 00:00:00', '2019-12-01 00:00:00', 1, '', '100008', NULL);
INSERT INTO `ad_content` VALUES ('31', '老五星啤酒', 10004206, 49.00, '/goodsDetails?productId=1052045443728420865&skuId=10009669', 1, 'https://luckwine-prod.oss-cn-shenzhen.aliyuncs.com/goods/57/5036/1052045443728420865/85d52e69-03bc-49b1-8645-961f175016b6.jpg', '老五星啤酒', 1, '2018-10-01 00:00:00', '2019-12-01 00:00:00', 1, '', '100008', NULL);
INSERT INTO `ad_content` VALUES ('32', '西藏青稞啤酒', 10004206, 153.00, '/goodsDetails?productId=1052046512948785153&skuId=10009959', 1, 'https://luckwine-prod.oss-cn-shenzhen.aliyuncs.com/goods/57/5084/1052046512948785153/854a7e25-7ddc-43e6-b1fb-a9d4d7fdf267.jpg', '西藏青稞啤酒', 1, '2018-10-01 00:00:00', '2019-12-01 00:00:00', 1, '', '100008', NULL);
INSERT INTO `ad_content` VALUES ('33', '宝龙特醇啤酒', 10004206, 1535.00, '/goodsDetails?productId=1052051215384326146&skuId=10011207', 1, 'https://luckwine-prod.oss-cn-shenzhen.aliyuncs.com/goods/57/5240/1052051215384326146/06b229dc-dcd8-45ee-835b-732c74e30706.jpg', '宝龙特醇啤酒', 1, '2018-10-01 00:00:00', '2019-12-01 00:00:00', 1, '', '100008', NULL);
INSERT INTO `ad_content` VALUES ('34', '53°茅台飞天500ml', 10004206, 1722.00, '/goodsDetails?productId=10004208', 1, 'https://luckwine-prod.oss-cn-shenzhen.aliyuncs.com/goods/50/4495/1052034718565957633/c91f63dc-990c-4a8d-8d0e-30df26b4743a.jpg?x-oss-process=image/resize,m_fixed,h_206,w_206', '38°茅台飞天500ml', 1, '2018-10-01 00:00:00', '2019-12-01 00:00:00', 2, '', '100009', NULL);
INSERT INTO `ad_content` VALUES ('35', '云南红葡萄烈酒', 10004206, 878.00, '/goodsDetails?productId=1052034793279094785&skuId=10006271', 1, 'https://luckwine-prod.oss-cn-shenzhen.aliyuncs.com/goods/54/4499/1052034793279094785/98280987-a76a-4d46-b11c-e2396197482c.jpg', '云南红葡萄烈酒', 1, '2018-10-01 00:00:00', '2019-12-01 00:00:00', 1, '', '100007', NULL);
INSERT INTO `ad_content` VALUES ('36', '路易老爷VSOP干邑', 10004206, 1520.00, '/goodsDetails?productId=1052034828624494593&skuId=10006289', 1, 'https://luckwine-prod.oss-cn-shenzhen.aliyuncs.com/goods/54/4500/1052034828624494593/f28b2e47-585a-4583-8bd7-aa20d2a9d36a.jpg', '路易老爷VSOP干邑', 1, '2018-10-01 00:00:00', '2019-12-01 00:00:00', 1, '', '100007', NULL);
INSERT INTO `ad_content` VALUES ('37', '高原樽老树葡萄烈酒', 10004206, 1216.00, '/goodsDetails?productId=1052034835901612033&skuId=10006292', 1, 'https://luckwine-prod.oss-cn-shenzhen.aliyuncs.com/goods/54/4499/1052034835901612033/27e042cb-6422-418b-a655-933e919a855b.jpg', '高原樽老树葡萄烈酒', 1, '2018-10-01 00:00:00', '2019-12-01 00:00:00', 1, '', '100007', NULL);
INSERT INTO `ad_content` VALUES ('38', '38°茅台飞天500ml', 10004206, 1212.00, '/goodsDetails?productId=10004206', 1, 'https://luckwine-prod.oss-cn-shenzhen.aliyuncs.com/luckwine/ad/u1129.png', '38°茅台飞天500ml', 1, '2018-10-01 00:00:00', '2019-12-01 00:00:00', 1, '', '100003', '2018-11-06 20:58:29');
INSERT INTO `ad_content` VALUES ('39', '43°茅台飞天500ml', 10004207, 1098.00, '/goodsDetails?productId=10004207', 1, 'https://luckwine-prod.oss-cn-shenzhen.aliyuncs.com/luckwine/ad/u1130.png\n', '43°茅台飞天500ml', 2, '2018-10-01 00:00:00', '2019-12-01 00:00:00', 1, '', '100003', NULL);
INSERT INTO `ad_content` VALUES ('4', 'home', NULL, NULL, 'http://luckwine-prod.oss-cn-shenzhen.aliyuncs.com/luckwine/ad/5e73934706ca48478933625bd8930f7a.jpg', 1, 'http://luckwine-prod.oss-cn-shenzhen.aliyuncs.com/luckwine/ad/5e73934706ca48478933625bd8930f7a.jpg', NULL, 1, '2018-10-29 09:30:34', '2019-12-01 00:00:00', 1, '', '100001', NULL);
INSERT INTO `ad_content` VALUES ('40', '53°茅台飞天500ml', 10004208, 1899.00, '/goodsDetails?productId=10004208', 1, 'https://luckwine-prod.oss-cn-shenzhen.aliyuncs.com/luckwine/ad/u1131.png', '53°茅台飞天500ml', 3, '2018-10-01 00:00:00', '2019-12-01 00:00:00', 1, '', '100003', NULL);
INSERT INTO `ad_content` VALUES ('41', '53°茅台飞天500ml', 10004208, 1899.00, '/goodsDetails?productId=10004208', 1, 'https://luckwine-prod.oss-cn-shenzhen.aliyuncs.com/luckwine/ad/u1132.png', '53°茅台飞天500ml', 3, '2018-10-01 00:00:00', '2019-12-01 00:00:00', 1, '', '100003', NULL);
INSERT INTO `ad_content` VALUES ('42', '38°茅台飞天500ml', 10004206, 1212.00, '/goodsDetails?productId=10004206', 1, 'https://luckwine-prod.oss-cn-shenzhen.aliyuncs.com/luckwine/ad/u1129.png', '38°茅台飞天500ml', 1, '2018-10-01 00:00:00', '2019-12-01 00:00:00', 1, '', '100004', NULL);
INSERT INTO `ad_content` VALUES ('43', '43°茅台飞天500ml', 10004207, 1098.00, '/goodsDetails?productId=10004207', 1, 'https://luckwine-prod.oss-cn-shenzhen.aliyuncs.com/luckwine/ad/u1130.png\n', '43°茅台飞天500ml', 2, '2018-10-01 00:00:00', '2019-12-01 00:00:00', 1, '', '100004', NULL);
INSERT INTO `ad_content` VALUES ('44', '53°茅台飞天500ml', 10004208, 1899.00, '/goodsDetails?productId=10004208', 1, 'https://luckwine-prod.oss-cn-shenzhen.aliyuncs.com/luckwine/ad/u1131.png', '53°茅台飞天500ml', 3, '2018-10-01 00:00:00', '2019-12-01 00:00:00', 1, '', '100004', NULL);
INSERT INTO `ad_content` VALUES ('45', '53°茅台飞天500ml', 10004208, 1899.00, '/goodsDetails?productId=10004208', 1, 'https://luckwine-prod.oss-cn-shenzhen.aliyuncs.com/luckwine/ad/u1132.png', '53°茅台飞天500ml', 3, '2018-10-01 00:00:00', '2019-12-01 00:00:00', 1, '', '100004', NULL);
INSERT INTO `ad_content` VALUES ('46', '53°红楼梦酒', 10004206, 1335.00, '/goodsDetails?productId=1052034934954295298&skuId=10006340', 1, 'https://luckwine-prod.oss-cn-shenzhen.aliyuncs.com/goods/49/4501/1052034934954295298/e0f8f402-38ee-468a-a05c-14736e931765.jpg', '53°红楼梦酒500ml', 1, '2018-10-01 00:00:00', '2019-12-01 00:00:00', 1, '', '100005', NULL);
INSERT INTO `ad_content` VALUES ('47', '五粮液六和液普通装', 10004206, 838.00, '/goodsDetails?productId=1052034929501700097&skuId=10006337', 1, 'https://luckwine-prod.oss-cn-shenzhen.aliyuncs.com/goods/49/4214/1052034929501700097/be0527e2-f69f-43db-98c4-37cea9a7b8bd.jpg', '52°五粮液六和液普通装500ml', 1, '2018-10-01 00:00:00', '2019-12-01 00:00:00', 1, '', '100005', NULL);
INSERT INTO `ad_content` VALUES ('48', '宝丰老窖丰坛贰号', 10004206, 108.00, '/goodsDetails?productId=1052035274323820545&skuId=10006426', 1, 'https://luckwine-prod.oss-cn-shenzhen.aliyuncs.com/goods/49/4507/1052035274323820545/75c264e0-6b72-4429-b377-ed84cdc09451.jpg', '52°宝丰老窖丰坛贰号500ml', 1, '2018-10-01 00:00:00', '2019-12-01 00:00:00', 1, '', '100005', NULL);
INSERT INTO `ad_content` VALUES ('49', '宝丰国色清香藏品', 10004206, 1118.00, '/goodsDetails?productId=1052035247497052161&skuId=10006414', 1, 'https://luckwine-prod.oss-cn-shenzhen.aliyuncs.com/goods/49/4507/1052035247497052161/53ad1ec5-a58d-4652-881f-5d2be0d4447b.jpg', '52°宝丰国色清香藏品500ml', 1, '2018-10-01 00:00:00', '2019-12-01 00:00:00', 1, '', '100005', NULL);
INSERT INTO `ad_content` VALUES ('5', 'home', NULL, NULL, 'http://luckwine-prod.oss-cn-shenzhen.aliyuncs.com/luckwine/ad/8547812d6a8b4ab29009cca478154018.jpg', 1, 'http://luckwine-prod.oss-cn-shenzhen.aliyuncs.com/luckwine/ad/8547812d6a8b4ab29009cca478154018.jpg', NULL, 1, '2018-10-30 02:34:59', '2019-12-01 00:00:00', 1, '', '100001', NULL);
INSERT INTO `ad_content` VALUES ('50', '50°杜康老窖青花瓷', 10004206, 1273.00, '/goodsDetails?productId=1052034657631109122&skuId=10006214', 1, 'https://luckwine-prod.oss-cn-shenzhen.aliyuncs.com/goods/49/4301/1052034657631109122/d1060849-fa83-419f-a6f4-75abda6e52e2.jpg', '50°杜康老窖青花瓷500ml（双瓶装）', 1, '2018-10-01 00:00:00', '2019-12-01 00:00:00', 1, '', '100009', NULL);
INSERT INTO `ad_content` VALUES ('51', '52°汝阳杜康', 10004207, 1098.00, '/goodsDetails?productId=1052034664518156290&skuId=10006217', 1, 'https://luckwine-prod.oss-cn-shenzhen.aliyuncs.com/goods/49/4301/1052034664518156290/eba35f33-c349-4545-ab64-f3a729b104c0.jpg', '52°汝阳杜康中源500ml+巴黎丽人干红葡萄酒', 2, '2018-10-01 00:00:00', '2019-12-01 00:00:00', 2, '', '100009', NULL);
INSERT INTO `ad_content` VALUES ('52', '52°水井坊往事', 10004208, 1899.00, '/goodsDetails?productId=1052034697770598402&skuId=10006228', 1, 'https://luckwine-prod.oss-cn-shenzhen.aliyuncs.com/goods/49/4247/1052034697770598402/4365c5cf-cca8-4e3c-a1b1-fa55fd6bd1ac.jpg', '52°水井坊往事500ml', 3, '2018-10-01 00:00:00', '2019-12-01 00:00:00', 1, '', '100009', NULL);
INSERT INTO `ad_content` VALUES ('53', '42°一品景芝吉品', 10004206, 1561.00, '/goodsDetails?productId=1052034743320739842&skuId=10006249', 1, 'https://luckwine-prod.oss-cn-shenzhen.aliyuncs.com/goods/49/4444/1052034743320739842/1ae2c8cc-f299-4752-94e3-7d076bd7bbb7.jpg', '42°一品景芝吉品500ml', 1, '2018-10-01 00:00:00', '2019-12-01 00:00:00', 1, '', '100009', NULL);
INSERT INTO `ad_content` VALUES ('54', '46°一品景芝妙品', 10004206, 439.00, '/goodsDetails?productId=1052034744990072834&skuId=10006250', 1, 'https://luckwine-prod.oss-cn-shenzhen.aliyuncs.com/goods/49/4444/1052034744990072834/a4bc9b59-d8c4-446c-adeb-bec39ec117e0.jpg', '46°一品景芝妙品500ml', 1, '2018-10-01 00:00:00', '2019-12-01 00:00:00', 1, '', '100009', NULL);
INSERT INTO `ad_content` VALUES ('55', '45°河套王8年', 10004207, 1053.00, '/goodsDetails?productId=1052034969762824193&skuId=10006354', 1, 'https://luckwine-prod.oss-cn-shenzhen.aliyuncs.com/goods/49/4354/1052034969762824193/748a34f6-7d3f-4156-9fc3-837c139780b9.jpg', '45°河套王8年500ml（河套酒业副总经理张卫东签名版）', 2, '2018-10-01 00:00:00', '2019-12-01 00:00:00', 2, '', '100009', NULL);
INSERT INTO `ad_content` VALUES ('56', '52°府藏孔府家捌', 10004208, 430.00, '/goodsDetails?productId=1052035007582863362&skuId=10006371', 1, 'https://luckwine-prod.oss-cn-shenzhen.aliyuncs.com/goods/49/4364/1052035007582863362/84ee5b7f-6914-4a49-98ab-0bc112907961.jpg', '52°府藏孔府家捌500ml', 3, '2018-10-01 00:00:00', '2019-12-01 00:00:00', 1, '', '100009', NULL);
INSERT INTO `ad_content` VALUES ('57', '42°北特加600ml', 10004206, 1118.00, '/goodsDetails?productId=1052034818793046018&skuId=10006284', 1, 'https://luckwine-prod.oss-cn-shenzhen.aliyuncs.com/goods/49/4219/1052034818793046018/837d0c73-91d0-4601-bac7-47aad45b31c2.jpg', '42°北特加600ml（6瓶装）', 1, '2018-10-01 00:00:00', '2019-12-01 00:00:00', 1, '', '100009', NULL);
INSERT INTO `ad_content` VALUES ('58', '53°红楼梦酒', 10004206, 1335.00, '/goodsDetails?productId=1052034934954295298&skuId=10006340', 1, 'https://luckwine-prod.oss-cn-shenzhen.aliyuncs.com/goods/49/4501/1052034934954295298/e0f8f402-38ee-468a-a05c-14736e931765.jpg', '53°红楼梦酒500ml', 1, '2018-10-01 00:00:00', '2019-12-01 00:00:00', 1, '', '100009', NULL);
INSERT INTO `ad_content` VALUES ('59', '五粮液六和液普通装', 10004206, 838.00, '/goodsDetails?productId=1052034929501700097&skuId=10006337', 1, 'https://luckwine-prod.oss-cn-shenzhen.aliyuncs.com/goods/49/4214/1052034929501700097/be0527e2-f69f-43db-98c4-37cea9a7b8bd.jpg', '52°五粮液六和液普通装500ml', 1, '2018-10-01 00:00:00', '2019-12-01 00:00:00', 1, '', '100009', NULL);
INSERT INTO `ad_content` VALUES ('6', 'home', NULL, NULL, 'http://luckwine-prod.oss-cn-shenzhen.aliyuncs.com/luckwine/ad/2bcc4a41913846ff890786ee38a74015.jpg', 1, 'http://luckwine-prod.oss-cn-shenzhen.aliyuncs.com/luckwine/ad/2bcc4a41913846ff890786ee38a74015.jpg', NULL, 1, '2018-10-30 02:47:05', '2019-12-01 00:00:00', 1, '', '100001', NULL);
INSERT INTO `ad_content` VALUES ('60', '宝丰老窖丰坛贰号', 10004206, 108.00, '/goodsDetails?productId=1052035274323820545&skuId=10006426', 1, 'https://luckwine-prod.oss-cn-shenzhen.aliyuncs.com/goods/49/4507/1052035274323820545/75c264e0-6b72-4429-b377-ed84cdc09451.jpg', '52°宝丰老窖丰坛贰号500ml', 1, '2018-10-01 00:00:00', '2019-12-01 00:00:00', 1, '', '100009', NULL);
INSERT INTO `ad_content` VALUES ('61', '宝丰国色清香藏品', 10004206, 1118.00, '/goodsDetails?productId=1052035247497052161&skuId=10006414', 1, 'https://luckwine-prod.oss-cn-shenzhen.aliyuncs.com/goods/49/4507/1052035247497052161/53ad1ec5-a58d-4652-881f-5d2be0d4447b.jpg', '52°宝丰国色清香藏品500ml', 1, '2018-10-01 00:00:00', '2019-12-01 00:00:00', 1, '', '100009', NULL);
INSERT INTO `ad_content` VALUES ('61b824ed-dc92-4853-88a1-9571cc0f74b9', '测试10', 0, 333.00, 'http://luckwine-prod.oss-cn-shenzhen.aliyuncs.com/luckwine/ad/5e73934706ca48478933625bd8930f7a.jpg', 1, 'http://luckwine-prod.oss-cn-shenzhen.aliyuncs.com/luckwine/ad/5e73934706ca48478933625bd8930f7a.jpg', '测试10', 0, '2018-10-29 00:00:00', '2019-12-01 00:00:00', 1, '', '100001', '2018-11-10 14:26:27');
INSERT INTO `ad_content` VALUES ('62', '舒特家族白仙芬黛', 10004206, 581.00, '/goodsDetails?productId=1052035517543120897&skuId=10006535', 1, 'https://luckwine-prod.oss-cn-shenzhen.aliyuncs.com/goods/50/4524/1052035517543120897/1b2ed22b-96d8-4dea-83b4-03cb0ce04776.jpg', '舒特家族白仙芬黛', 1, '2018-10-01 00:00:00', '2019-12-01 00:00:00', 1, '', '100006', NULL);
INSERT INTO `ad_content` VALUES ('63', '高卢骑士干红', 10004206, 295.00, '/goodsDetails?productId=1052035529941483522&skuId=10006541', 1, 'https://luckwine-prod.oss-cn-shenzhen.aliyuncs.com/goods/50/4415/1052035529941483522/7ac915c8-d986-4cee-a8d9-b0776afc63d4.jpg', '高卢骑士干红', 1, '2018-10-01 00:00:00', '2019-12-01 00:00:00', 1, '', '100006', NULL);
INSERT INTO `ad_content` VALUES ('64', '泰蒂蓝布卢斯克红起泡', 10004206, 1023.00, '/goodsDetails?productId=1052035541962358785&skuId=10006547', 1, 'https://luckwine-prod.oss-cn-shenzhen.aliyuncs.com/goods/50/4537/1052035541962358785/0b470fb2-1059-4d9e-8526-06b8db652bde.jpg', '泰蒂蓝布卢斯克红起泡', 1, '2018-10-01 00:00:00', '2019-12-01 00:00:00', 1, '', '100006', NULL);
INSERT INTO `ad_content` VALUES ('65', 'AOC马蒂隆1907干红', 10004206, 258.00, '/goodsDetails?productId=1052035588187783169&skuId=10006570', 1, 'https://luckwine-prod.oss-cn-shenzhen.aliyuncs.com/goods/50/4544/1052035588187783169/715d8178-5425-45f3-aa24-135710ce5204.jpg', 'AOC马蒂隆1907干红', 1, '2018-10-01 00:00:00', '2019-12-01 00:00:00', 1, '', '100006', NULL);
INSERT INTO `ad_content` VALUES ('66', '帕米庄干红', 10004206, 4700.00, '/goodsDetails?productId=1052035668957495297&skuId=10006606', 1, 'https://luckwine-prod.oss-cn-shenzhen.aliyuncs.com/goods/50/4547/1052035668957495297/f90ed864-eaa5-4b41-9063-2bdeafac771f.jpg', '帕米庄干红', 1, '2018-10-01 00:00:00', '2019-12-01 00:00:00', 1, '', '100006', NULL);
INSERT INTO `ad_content` VALUES ('67', '长城华夏九四干红', 10007040, 159.00, '/goodsDetails?productId=1052036545344733185&skuId=10007040', 1, 'https://luckwine-prod.oss-cn-shenzhen.aliyuncs.com/goods/50/4216/1052036545344733185/4250a3d8-e438-4597-b2e0-dda9e186e344.jpg', '长城华夏九四干红', 1, '2018-10-01 00:00:00', '2019-12-01 00:00:00', 1, '', '100006', NULL);
INSERT INTO `ad_content` VALUES ('68', '艾玛庄园西拉干红', 10006990, 624.00, '/goodsDetails?productId=1052036453082628098&skuId=10006990', 1, 'https://luckwine-prod.oss-cn-shenzhen.aliyuncs.com/goods/50/4581/1052036453082628098/f9275a75-456e-4caa-9e8f-2fa3a93e07f5.jpg', '艾玛庄园西拉干红', 1, '2018-10-01 00:00:00', '2019-12-01 00:00:00', 1, '', '100006', NULL);
INSERT INTO `ad_content` VALUES ('69', '男爵窖藏波尔多干红', 10004206, 920.00, '/goodsDetails?productId=1052036353727954945&skuId=10006947', 1, 'https://luckwine-prod.oss-cn-shenzhen.aliyuncs.com/goods/50/4599/1052036353727954945/8c25f0a6-c17c-4e69-91f8-29bf73bcc0ea.jpg', '男爵窖藏波尔多干红', 1, '2018-10-01 00:00:00', '2019-12-01 00:00:00', 1, '', '100006', NULL);
INSERT INTO `ad_content` VALUES ('6e613401-f8ff-4cd7-8132-f2ec7aa8f048', '12', 0, 0.00, 'http://luckwine-prod.oss-cn-shenzhen.aliyuncs.com/luckwine/ad/b84fab4d86e84c76895347d7dae1135b.jpg', 1, 'http://luckwine-prod.oss-cn-shenzhen.aliyuncs.com/luckwine/ad/b84fab4d86e84c76895347d7dae1135b.jpg', '', 0, '2018-11-28 00:00:00', '2019-12-01 00:00:00', 1, '', '100001', '2018-11-10 14:36:30');
INSERT INTO `ad_content` VALUES ('7', 'home', NULL, NULL, 'http://luckwine-prod.oss-cn-shenzhen.aliyuncs.com/luckwine/ad/acd03ece7b744fa888d3d4e6242237a7.jpg', 1, 'http://luckwine-prod.oss-cn-shenzhen.aliyuncs.com/luckwine/ad/acd03ece7b744fa888d3d4e6242237a7.jpg', NULL, 1, '2018-10-30 02:49:42', '2019-12-01 00:00:00', 1, '', '100001', NULL);
INSERT INTO `ad_content` VALUES ('70', '瑞都麝香起泡葡萄酒', 10004208, 1418.00, '/goodsDetails?productId=1052035406020771841&skuId=10006483', 1, 'https://luckwine-prod.oss-cn-shenzhen.aliyuncs.com/goods/50/4527/1052035406020771841/bb3d5126-9838-4df4-a42f-01c4637c6ff8.jpg', '瑞都麝香起泡葡萄酒', 3, '2018-10-01 00:00:00', '2019-12-01 00:00:00', 1, '', '100010', NULL);
INSERT INTO `ad_content` VALUES ('71', '圣地酒园佳美娜干红', 10004206, 293.00, '/goodsDetails?productId=1052035407908208642&skuId=10006484', 1, 'https://luckwine-prod.oss-cn-shenzhen.aliyuncs.com/goods/50/4528/1052035407908208642/547eb2fe-77a5-4b20-875b-768642038db3.jpg', '圣地酒园佳美娜干红', 1, '2018-10-01 00:00:00', '2019-12-01 00:00:00', 1, '', '100010', NULL);
INSERT INTO `ad_content` VALUES ('72', '舒特家族白仙芬黛', 10004206, 581.00, '/goodsDetails?productId=1052035517543120897&skuId=10006535', 1, 'https://luckwine-prod.oss-cn-shenzhen.aliyuncs.com/goods/50/4524/1052035517543120897/1b2ed22b-96d8-4dea-83b4-03cb0ce04776.jpg', '舒特家族白仙芬黛', 1, '2018-10-01 00:00:00', '2019-12-01 00:00:00', 1, '', '100010', NULL);
INSERT INTO `ad_content` VALUES ('73', '高卢骑士干红', 10004206, 295.00, '/goodsDetails?productId=1052035529941483522&skuId=10006541', 1, 'https://luckwine-prod.oss-cn-shenzhen.aliyuncs.com/goods/50/4415/1052035529941483522/7ac915c8-d986-4cee-a8d9-b0776afc63d4.jpg', '高卢骑士干红', 1, '2018-10-01 00:00:00', '2019-12-01 00:00:00', 1, '', '100010', NULL);
INSERT INTO `ad_content` VALUES ('74', '泰蒂蓝布卢斯克红起泡', 10004206, 1023.00, '/goodsDetails?productId=1052035541962358785&skuId=10006547', 1, 'https://luckwine-prod.oss-cn-shenzhen.aliyuncs.com/goods/50/4537/1052035541962358785/0b470fb2-1059-4d9e-8526-06b8db652bde.jpg', '泰蒂蓝布卢斯克红起泡', 1, '2018-10-01 00:00:00', '2019-12-01 00:00:00', 1, '', '100010', NULL);
INSERT INTO `ad_content` VALUES ('75', 'AOC马蒂隆1907干红', 10004206, 258.00, '/goodsDetails?productId=1052035588187783169&skuId=10006570', 1, 'https://luckwine-prod.oss-cn-shenzhen.aliyuncs.com/goods/50/4544/1052035588187783169/715d8178-5425-45f3-aa24-135710ce5204.jpg', 'AOC马蒂隆1907干红', 1, '2018-10-01 00:00:00', '2019-12-01 00:00:00', 1, '', '100010', NULL);
INSERT INTO `ad_content` VALUES ('755b424d-beca-420e-97e9-d3ee49ca90d6', '测试3', 0, 333.00, 'http://luckwine-prod.oss-cn-shenzhen.aliyuncs.com/luckwine/ad/8547812d6a8b4ab29009cca478154018.jpg', 1, 'http://luckwine-prod.oss-cn-shenzhen.aliyuncs.com/luckwine/ad/8547812d6a8b4ab29009cca478154018.jpg', '测试3', 0, '2018-10-29 00:00:00', '2019-12-01 00:00:00', 2, '', '100001', '2018-11-10 14:25:46');
INSERT INTO `ad_content` VALUES ('76', '帕米庄干红', 10004206, 4700.00, '/goodsDetails?productId=1052035668957495297&skuId=10006606', 1, 'https://luckwine-prod.oss-cn-shenzhen.aliyuncs.com/goods/50/4547/1052035668957495297/f90ed864-eaa5-4b41-9063-2bdeafac771f.jpg', '帕米庄干红', 1, '2018-10-01 00:00:00', '2019-12-01 00:00:00', 1, '', '100010', NULL);
INSERT INTO `ad_content` VALUES ('77', '长城华夏九四干红', 10007040, 159.00, '/goodsDetails?productId=1052036545344733185&skuId=10007040', 1, 'https://luckwine-prod.oss-cn-shenzhen.aliyuncs.com/goods/50/4216/1052036545344733185/4250a3d8-e438-4597-b2e0-dda9e186e344.jpg', '长城华夏九四干红', 1, '2018-10-01 00:00:00', '2019-12-01 00:00:00', 1, '', '100010', NULL);
INSERT INTO `ad_content` VALUES ('78', '艾玛庄园西拉干红', 10006990, 624.00, '/goodsDetails?productId=1052036453082628098&skuId=10006990', 1, 'https://luckwine-prod.oss-cn-shenzhen.aliyuncs.com/goods/50/4581/1052036453082628098/f9275a75-456e-4caa-9e8f-2fa3a93e07f5.jpg', '艾玛庄园西拉干红', 1, '2018-10-01 00:00:00', '2019-12-01 00:00:00', 1, '', '100010', NULL);
INSERT INTO `ad_content` VALUES ('79', '男爵窖藏波尔多干红', 10004206, 920.00, '/goodsDetails?productId=1052036353727954945&skuId=10006947', 1, 'https://luckwine-prod.oss-cn-shenzhen.aliyuncs.com/goods/50/4599/1052036353727954945/8c25f0a6-c17c-4e69-91f8-29bf73bcc0ea.jpg', '男爵窖藏波尔多干红', 1, '2018-10-01 00:00:00', '2019-12-01 00:00:00', 1, '', '100010', NULL);
INSERT INTO `ad_content` VALUES ('7960c198-7ad1-4bf2-80e8-61fc1880858b', '测试8', 0, 333.00, 'http://luckwine-prod.oss-cn-shenzhen.aliyuncs.com/luckwine/ad/acd03ece7b744fa888d3d4e6242237a7.jpg', 1, 'http://luckwine-prod.oss-cn-shenzhen.aliyuncs.com/luckwine/ad/acd03ece7b744fa888d3d4e6242237a7.jpg', '测试8', 0, '2018-10-29 00:00:00', '2019-12-01 00:00:00', 2, '', '100001', '2018-11-10 14:26:14');
INSERT INTO `ad_content` VALUES ('8', '50°杜康老窖青花瓷', 10004206, 1273.00, '/goodsDetails?productId=1052034657631109122&skuId=10006214', 1, 'https://luckwine-prod.oss-cn-shenzhen.aliyuncs.com/goods/49/4301/1052034657631109122/d1060849-fa83-419f-a6f4-75abda6e52e2.jpg', '50°杜康老窖青花瓷500ml（双瓶装）', 1, '2018-10-01 00:00:00', '2019-12-01 00:00:00', 1, '', '100005', NULL);
INSERT INTO `ad_content` VALUES ('80', '哥雷博士金龙舌兰', 10004206, 1170.00, '/goodsDetails?productId=1052035202718662657&skuId=10006402', 1, 'https://luckwine-prod.oss-cn-shenzhen.aliyuncs.com/goods/54/4502/1052035202718662657/9b3346db-120b-4126-9f31-b39dc0e29fe4.jpg', '哥雷博士金龙舌兰', 1, '2018-10-01 00:00:00', '2019-12-01 00:00:00', 1, '', '100007', NULL);
INSERT INTO `ad_content` VALUES ('81', '马爹利名士干邑', 10004206, 58.00, '/goodsDetails?productId=1052035547763081217&skuId=10006550', 1, 'https://luckwine-prod.oss-cn-shenzhen.aliyuncs.com/goods/54/4281/1052035547763081217/f6e2279d-8edb-434a-b05e-f2ceeca90e68.jpg', '马爹利名士干邑', 1, '2018-10-01 00:00:00', '2019-12-01 00:00:00', 1, '', '100007', NULL);
INSERT INTO `ad_content` VALUES ('82', '温莎调配威士忌', 10004206, 198.00, '/goodsDetails?productId=1052035554096480258&skuId=10006554', 1, 'https://luckwine-prod.oss-cn-shenzhen.aliyuncs.com/goods/54/4294/1052035554096480258/80c37e2b-8533-4d98-a572-7c8f85a36bba.jpg', '温莎调配威士忌', 1, '2018-10-01 00:00:00', '2019-12-01 00:00:00', 1, '', '100007', NULL);
INSERT INTO `ad_content` VALUES ('83', '百人城野樱桃', 10004206, 87.00, '/goodsDetails?productId=1052035726406877186&skuId=10006639', 1, 'https://luckwine-prod.oss-cn-shenzhen.aliyuncs.com/goods/54/4300/1052035726406877186/b5bbc6a9-9a10-4b53-b022-d4f0dacb7d39.jpg', '百人城野樱桃', 1, '2018-10-01 00:00:00', '2019-12-01 00:00:00', 1, '', '100007', NULL);
INSERT INTO `ad_content` VALUES ('84', '马谛氏威士忌', 10004206, 1070.00, '/goodsDetails?productId=1052035858221268994&skuId=10006708', 1, 'https://luckwine-prod.oss-cn-shenzhen.aliyuncs.com/goods/54/4402/1052035858221268994/ea1d6460-bbf5-4d17-84b3-9f25cacb05a3.jpg', '马谛氏威士忌', 1, '2018-10-01 00:00:00', '2019-12-01 00:00:00', 1, '', '100007', NULL);
INSERT INTO `ad_content` VALUES ('85', '黑帽龙舌兰酒', 10004206, 1367.00, '/goodsDetails?productId=1052035888244097025&skuId=10006724', 1, 'https://luckwine-prod.oss-cn-shenzhen.aliyuncs.com/goods/54/4578/1052035888244097025/f6b289dc-b581-4e65-8a7a-f09d5cdb155f.jpg', '黑帽龙舌兰酒', 1, '2018-10-01 00:00:00', '2019-12-01 00:00:00', 1, '', '100007', NULL);
INSERT INTO `ad_content` VALUES ('86', '灰雁伏特加', 10004206, 1420.00, '/goodsDetails?productId=1052036319053643777&skuId=10006931', 1, 'https://luckwine-prod.oss-cn-shenzhen.aliyuncs.com/goods/54/4296/1052036319053643777/2ca157c8-dd7f-4d38-a2de-cdf4486b2ca9.jpg', '灰雁伏特加', 1, '2018-10-01 00:00:00', '2019-12-01 00:00:00', 1, '', '100007', NULL);
INSERT INTO `ad_content` VALUES ('87', '甘露咖啡力娇酒', 10004206, 891.00, '/goodsDetails?productId=1052036379317403649&skuId=10006962', 1, 'https://luckwine-prod.oss-cn-shenzhen.aliyuncs.com/goods/54/4409/1052036379317403649/615b631e-c4a3-43a8-a0c2-40350a45531a.jpg', '甘露咖啡力娇酒', 1, '2018-10-01 00:00:00', '2019-12-01 00:00:00', 1, '', '100007', NULL);
INSERT INTO `ad_content` VALUES ('88', '卡慕VSOP干邑白兰地', 10004206, 1046.00, '/goodsDetails?productId=1052036372270972929&skuId=10006958', 1, 'https://luckwine-prod.oss-cn-shenzhen.aliyuncs.com/goods/54/4606/1052036372270972929/352a7fc1-6b29-4c02-900b-4a56f46ee315.jpg', '卡慕VSOP干邑白兰地', 1, '2018-10-01 00:00:00', '2019-12-01 00:00:00', 1, '', '100007', NULL);
INSERT INTO `ad_content` VALUES ('89', '高原樽老树葡萄烈酒', 10004206, 1216.00, '/goodsDetails?productId=1052034835901612033&skuId=10006292', 1, 'https://luckwine-prod.oss-cn-shenzhen.aliyuncs.com/goods/54/4499/1052034835901612033/27e042cb-6422-418b-a655-933e919a855b.jpg', '高原樽老树葡萄烈酒', 1, '2018-10-01 00:00:00', '2019-12-01 00:00:00', 1, '', '100011', NULL);
INSERT INTO `ad_content` VALUES ('9', '52°汝阳杜康', 10004207, 1098.00, '/goodsDetails?productId=1052034664518156290&skuId=10006217', 1, 'https://luckwine-prod.oss-cn-shenzhen.aliyuncs.com/goods/49/4301/1052034664518156290/eba35f33-c349-4545-ab64-f3a729b104c0.jpg', '52°汝阳杜康中源500ml+巴黎丽人干红葡萄酒', 2, '2018-10-01 00:00:00', '2019-12-01 00:00:00', 1, '', '100005', NULL);
INSERT INTO `ad_content` VALUES ('90', '哥雷博士金龙舌兰', 10004206, 1170.00, '/goodsDetails?productId=1052035202718662657&skuId=10006402', 1, 'https://luckwine-prod.oss-cn-shenzhen.aliyuncs.com/goods/54/4502/1052035202718662657/9b3346db-120b-4126-9f31-b39dc0e29fe4.jpg', '哥雷博士金龙舌兰', 1, '2018-10-01 00:00:00', '2019-12-01 00:00:00', 1, '', '100011', NULL);
INSERT INTO `ad_content` VALUES ('91', '马爹利名士干邑', 10004206, 58.00, '/goodsDetails?productId=1052035547763081217&skuId=10006550', 1, 'https://luckwine-prod.oss-cn-shenzhen.aliyuncs.com/goods/54/4281/1052035547763081217/f6e2279d-8edb-434a-b05e-f2ceeca90e68.jpg', '马爹利名士干邑', 1, '2018-10-01 00:00:00', '2019-12-01 00:00:00', 1, '', '100011', NULL);
INSERT INTO `ad_content` VALUES ('92', '温莎调配威士忌', 10004206, 198.00, '/goodsDetails?productId=1052035554096480258&skuId=10006554', 1, 'https://luckwine-prod.oss-cn-shenzhen.aliyuncs.com/goods/54/4294/1052035554096480258/80c37e2b-8533-4d98-a572-7c8f85a36bba.jpg', '温莎调配威士忌', 1, '2018-10-01 00:00:00', '2019-12-01 00:00:00', 1, '', '100011', NULL);
INSERT INTO `ad_content` VALUES ('93', '百人城野樱桃', 10004206, 87.00, '/goodsDetails?productId=1052035726406877186&skuId=10006639', 1, 'https://luckwine-prod.oss-cn-shenzhen.aliyuncs.com/goods/54/4300/1052035726406877186/b5bbc6a9-9a10-4b53-b022-d4f0dacb7d39.jpg', '百人城野樱桃', 1, '2018-10-01 00:00:00', '2019-12-01 00:00:00', 1, '', '100011', NULL);
INSERT INTO `ad_content` VALUES ('94', '马谛氏威士忌', 10004206, 1070.00, '/goodsDetails?productId=1052035858221268994&skuId=10006708', 1, 'https://luckwine-prod.oss-cn-shenzhen.aliyuncs.com/goods/54/4402/1052035858221268994/ea1d6460-bbf5-4d17-84b3-9f25cacb05a3.jpg', '马谛氏威士忌', 1, '2018-10-01 00:00:00', '2019-12-01 00:00:00', 1, '', '100011', NULL);
INSERT INTO `ad_content` VALUES ('95', '黑帽龙舌兰酒', 10004206, 1367.00, '/goodsDetails?productId=1052035888244097025&skuId=10006724', 1, 'https://luckwine-prod.oss-cn-shenzhen.aliyuncs.com/goods/54/4578/1052035888244097025/f6b289dc-b581-4e65-8a7a-f09d5cdb155f.jpg', '黑帽龙舌兰酒', 1, '2018-10-01 00:00:00', '2019-12-01 00:00:00', 1, '', '100011', NULL);
INSERT INTO `ad_content` VALUES ('96', '灰雁伏特加', 10004206, 1420.00, '/goodsDetails?productId=1052036319053643777&skuId=10006931', 1, 'https://luckwine-prod.oss-cn-shenzhen.aliyuncs.com/goods/54/4296/1052036319053643777/2ca157c8-dd7f-4d38-a2de-cdf4486b2ca9.jpg', '灰雁伏特加', 1, '2018-10-01 00:00:00', '2019-12-01 00:00:00', 1, '', '100011', NULL);
INSERT INTO `ad_content` VALUES ('968bb1f5-711a-4f90-97e1-c1b69214216d', '测试5', 0, 333.00, 'http://luckwine-prod.oss-cn-shenzhen.aliyuncs.com/luckwine/ad/b84fab4d86e84c76895347d7dae1135b.jpg', 1, 'http://luckwine-prod.oss-cn-shenzhen.aliyuncs.com/luckwine/ad/b84fab4d86e84c76895347d7dae1135b.jpg', '测试5', 0, '2018-10-29 00:00:00', '2019-12-01 00:00:00', 2, '', '100001', '2018-11-10 14:25:56');
INSERT INTO `ad_content` VALUES ('97', '甘露咖啡力娇酒', 10004206, 891.00, '/goodsDetails?productId=1052036379317403649&skuId=10006962', 1, 'https://luckwine-prod.oss-cn-shenzhen.aliyuncs.com/goods/54/4409/1052036379317403649/615b631e-c4a3-43a8-a0c2-40350a45531a.jpg', '甘露咖啡力娇酒', 1, '2018-10-01 00:00:00', '2019-12-01 00:00:00', 1, '', '100011', NULL);
INSERT INTO `ad_content` VALUES ('98', '卡慕VSOP干邑白兰地', 10004206, 1046.00, '/goodsDetails?productId=1052036372270972929&skuId=10006958', 1, 'https://luckwine-prod.oss-cn-shenzhen.aliyuncs.com/goods/54/4606/1052036372270972929/352a7fc1-6b29-4c02-900b-4a56f46ee315.jpg', '卡慕VSOP干邑白兰地', 1, '2018-10-01 00:00:00', '2019-12-01 00:00:00', 1, '', '100011', NULL);
INSERT INTO `ad_content` VALUES ('99', '德国库斯特白啤酒', 10004206, 750.00, '/goodsDetails?productId=1052052502825938946&skuId=10011607', 1, 'https://luckwine-prod.oss-cn-shenzhen.aliyuncs.com/goods/57/5434/1052052502825938946/032311d6-14e0-4c80-95b2-a8648bf5dc6e.jpg', '德国库斯特白啤酒', 1, '2018-10-01 00:00:00', '2019-12-01 00:00:00', 1, '', '100008', NULL);
INSERT INTO `ad_content` VALUES ('9bca24db-8698-4679-92b7-d266916b942f', NULL, 10006238, 129.00, 'http://luckwine-prod.oss-cn-shenzhen.aliyuncs.com/luckwine/ad/be2bdd014015423fa7f9edce09369fac.jpg', 3, 'http://luckwine-prod.oss-cn-shenzhen.aliyuncs.com/luckwine/ad/be2bdd014015423fa7f9edce09369fac.jpg', NULL, 2, '2018-11-20 00:00:00', '2019-12-01 00:00:00', 1, '', '100001', '2018-11-20 23:15:46');
INSERT INTO `ad_content` VALUES ('cfc10ad7-1817-4c4d-b8d9-1c03297c8dc9', '测试12', 0, 0.00, '/goodsDetails?productId=10004208', 1, 'https://luckwine-prod.oss-cn-shenzhen.aliyuncs.com/goods/50/4495/1052034718565957633/c91f63dc-990c-4a8d-8d0e-30df26b4743a.jpg?x-oss-process=image/resize,m_fixed,h_206,w_206', '测试12', 0, '2018-10-29 00:00:00', '2019-12-01 00:00:00', 2, '', '100009', '2018-11-10 14:33:41');
INSERT INTO `ad_content` VALUES ('cfe6ebf2-d53a-46ec-8f38-cffd221f62a7', NULL, 10006228, 1409.00, 'http://luckwine-prod.oss-cn-shenzhen.aliyuncs.com/luckwine/ad/be2bdd014015423fa7f9edce09369fac.jpg', 3, 'http://luckwine-prod.oss-cn-shenzhen.aliyuncs.com/luckwine/ad/be2bdd014015423fa7f9edce09369fac.jpg', NULL, 1, '2018-11-20 00:00:00', '2019-12-01 00:00:00', 2, '', '100001', '2018-11-20 23:15:46');

-- ----------------------------
-- Table structure for ad_content_copy1
-- ----------------------------
DROP TABLE IF EXISTS `ad_content_copy1`;
CREATE TABLE `ad_content_copy1`  (
  `ad_content_id` varchar(36) CHARACTER SET utf8 COLLATE utf8_bin NOT NULL,
  `title` varchar(100) CHARACTER SET utf8 COLLATE utf8_bin NULL DEFAULT NULL COMMENT '标题',
  `item_id` bigint(20) NULL DEFAULT NULL COMMENT '商品ID',
  `price` decimal(14, 2) NULL DEFAULT NULL COMMENT '货品价格',
  `jump_url` varchar(8000) CHARACTER SET utf8 COLLATE utf8_bin NULL DEFAULT NULL COMMENT '跳转链接',
  `type` int(2) NULL DEFAULT NULL COMMENT '内容类型(1:自定义广告 2:视频广告 3:抽取商品广告)',
  `image_url` varchar(1500) CHARACTER SET utf8 COLLATE utf8_bin NULL DEFAULT NULL COMMENT '广告图片',
  `introduction` varchar(255) CHARACTER SET utf8 COLLATE utf8_bin NULL DEFAULT NULL COMMENT '简介',
  `sort_weight` int(8) NULL DEFAULT NULL COMMENT '排序权重',
  `time_start` datetime(0) NULL DEFAULT NULL COMMENT '开始时间',
  `time_end` datetime(0) NULL DEFAULT NULL COMMENT '结束时间',
  `status` int(1) NULL DEFAULT 0 COMMENT '投放状态(0:待生效,1:已生效,2:已下架)',
  `remarks` varchar(400) CHARACTER SET utf8 COLLATE utf8_bin NULL DEFAULT '' COMMENT '备注',
  `ad_module_id` varchar(48) CHARACTER SET utf8 COLLATE utf8_bin NULL DEFAULT NULL COMMENT '广告模块编码',
  `operating_time` datetime(0) NULL DEFAULT NULL COMMENT '操作时间',
  PRIMARY KEY (`ad_content_id`) USING BTREE
) ENGINE = InnoDB CHARACTER SET = utf8 COLLATE = utf8_bin COMMENT = '广告内容列表' ROW_FORMAT = Dynamic;

-- ----------------------------
-- Records of ad_content_copy1
-- ----------------------------
INSERT INTO `ad_content_copy1` VALUES ('0e0cb9d4-f613-4c69-b67e-ad5b4e77cc57', '测试7', 0, 333.00, '/goodsDetails?productId=10004206', 1, 'https://luckwine-prod.oss-cn-shenzhen.aliyuncs.com/luckwine/ad/u1129.png', '测试7', 0, '2018-10-29 00:00:00', '2019-12-01 00:00:00', 2, '', '100001', '2018-11-10 14:26:09');
INSERT INTO `ad_content_copy1` VALUES ('1', '38°茅台飞天500ml', 10004206, 1212.00, '/goodsDetails?productId=10004206', 1, 'https://luckwine-prod.oss-cn-shenzhen.aliyuncs.com/luckwine/ad/u1129.png', '38°茅台飞天500ml', 1, '2018-10-01 00:00:00', '2019-12-01 00:00:00', 1, '', '100002', '2018-11-06 20:58:29');
INSERT INTO `ad_content_copy1` VALUES ('10', '52°水井坊往事', 10004208, 1899.00, '/goodsDetails?productId=1052034697770598402&skuId=10006228', 1, 'https://luckwine-prod.oss-cn-shenzhen.aliyuncs.com/goods/49/4247/1052034697770598402/4365c5cf-cca8-4e3c-a1b1-fa55fd6bd1ac.jpg', '52°水井坊往事500ml', 3, '2018-10-01 00:00:00', '2019-12-01 00:00:00', 1, '', '100005', NULL);
INSERT INTO `ad_content_copy1` VALUES ('100', '德国库斯特', 10004206, 1970.00, '/goodsDetails?productId=1052053897872420865&skuId=10011982', 1, 'https://luckwine-prod.oss-cn-shenzhen.aliyuncs.com/goods/57/5434/1052053897872420865/0acbb50b-292a-4686-a29b-e7cad3919e32.jpg', '德国库斯特', 1, '2018-10-01 00:00:00', '2019-12-01 00:00:00', 1, '', '100008', NULL);
INSERT INTO `ad_content_copy1` VALUES ('11', '42°一品景芝吉品', 10004206, 1561.00, '/goodsDetails?productId=1052034743320739842&skuId=10006249', 1, 'https://luckwine-prod.oss-cn-shenzhen.aliyuncs.com/goods/49/4444/1052034743320739842/1ae2c8cc-f299-4752-94e3-7d076bd7bbb7.jpg', '42°一品景芝吉品500ml', 1, '2018-10-01 00:00:00', '2019-12-01 00:00:00', 1, '', '100005', NULL);
INSERT INTO `ad_content_copy1` VALUES ('12', '中国云南小干红', 10004206, 1780.00, '/goodsDetails?productId=1052034812904243201&skuId=10006281', 1, 'https://luckwine-prod.oss-cn-shenzhen.aliyuncs.com/goods/50/4499/1052034812904243201/cd9a2bdd-66a8-4beb-a6c2-6647a82fec9d.jpg', '中国云南小干红', 1, '2018-10-01 00:00:00', '2019-12-01 00:00:00', 1, '', '100006', NULL);
INSERT INTO `ad_content_copy1` VALUES ('13', '阿旺沙城堡干红', 10004207, 644.00, '/goodsDetails?productId=1052034984530968578&skuId=10006361', 1, 'https://luckwine-prod.oss-cn-shenzhen.aliyuncs.com/goods/50/4486/1052034984530968578/db5b3c2e-4fe3-41d9-b818-c0f737d19069.jpg', '阿旺沙城堡干红', 2, '2018-10-01 00:00:00', '2019-12-01 00:00:00', 1, '', '100006', NULL);
INSERT INTO `ad_content_copy1` VALUES ('14', '瑞都麝香起泡葡萄酒', 10004208, 1418.00, '/goodsDetails?productId=1052035406020771841&skuId=10006483', 1, 'https://luckwine-prod.oss-cn-shenzhen.aliyuncs.com/goods/50/4527/1052035406020771841/bb3d5126-9838-4df4-a42f-01c4637c6ff8.jpg', '瑞都麝香起泡葡萄酒', 3, '2018-10-01 00:00:00', '2019-12-01 00:00:00', 1, '', '100006', NULL);
INSERT INTO `ad_content_copy1` VALUES ('15', '圣地酒园佳美娜干红', 10004206, 293.00, '/goodsDetails?productId=1052035407908208642&skuId=10006484', 1, 'https://luckwine-prod.oss-cn-shenzhen.aliyuncs.com/goods/50/4528/1052035407908208642/547eb2fe-77a5-4b20-875b-768642038db3.jpg', '圣地酒园佳美娜干红', 1, '2018-10-01 00:00:00', '2019-12-01 00:00:00', 1, '', '100006', NULL);
INSERT INTO `ad_content_copy1` VALUES ('16', '46°一品景芝妙品', 10004206, 439.00, '/goodsDetails?productId=1052034744990072834&skuId=10006250', 1, 'https://luckwine-prod.oss-cn-shenzhen.aliyuncs.com/goods/49/4444/1052034744990072834/a4bc9b59-d8c4-446c-adeb-bec39ec117e0.jpg', '46°一品景芝妙品500ml', 1, '2018-10-01 00:00:00', '2019-12-01 00:00:00', 1, '', '100005', NULL);
INSERT INTO `ad_content_copy1` VALUES ('17', '45°河套王8年', 10004207, 1053.00, '/goodsDetails?productId=1052034969762824193&skuId=10006354', 1, 'https://luckwine-prod.oss-cn-shenzhen.aliyuncs.com/goods/49/4354/1052034969762824193/748a34f6-7d3f-4156-9fc3-837c139780b9.jpg', '45°河套王8年500ml（河套酒业副总经理张卫东签名版）', 2, '2018-10-01 00:00:00', '2019-12-01 00:00:00', 1, '', '100005', NULL);
INSERT INTO `ad_content_copy1` VALUES ('18', '52°府藏孔府家捌', 10004208, 430.00, '/goodsDetails?productId=1052035007582863362&skuId=10006371', 1, 'https://luckwine-prod.oss-cn-shenzhen.aliyuncs.com/goods/49/4364/1052035007582863362/84ee5b7f-6914-4a49-98ab-0bc112907961.jpg', '52°府藏孔府家捌500ml', 3, '2018-10-01 00:00:00', '2019-12-01 00:00:00', 1, '', '100005', NULL);
INSERT INTO `ad_content_copy1` VALUES ('19', '42°北特加600ml', 10004206, 1118.00, '/goodsDetails?productId=1052034818793046018&skuId=10006284', 1, 'https://luckwine-prod.oss-cn-shenzhen.aliyuncs.com/goods/49/4219/1052034818793046018/837d0c73-91d0-4601-bac7-47aad45b31c2.jpg', '42°北特加600ml（6瓶装）', 1, '2018-10-01 00:00:00', '2019-12-01 00:00:00', 1, '', '100005', NULL);
INSERT INTO `ad_content_copy1` VALUES ('2', '43°茅台飞天500ml', 10004207, 1098.00, '/goodsDetails?productId=10004207', 1, 'https://luckwine-prod.oss-cn-shenzhen.aliyuncs.com/luckwine/ad/u1130.png\n', '43°茅台飞天500ml', 2, '2018-10-01 00:00:00', '2019-12-01 00:00:00', 1, '', '100002', NULL);
INSERT INTO `ad_content_copy1` VALUES ('20', '38°茅台飞天500ml', 10004206, 1722.00, '/goodsDetails?productId=10004206', 1, 'https://luckwine-prod.oss-cn-shenzhen.aliyuncs.com/goods/50/4495/1052034718565957633/c91f63dc-990c-4a8d-8d0e-30df26b4743a.jpg?x-oss-process=image/resize,m_fixed,h_206,w_206', '43°茅台飞天500ml', 1, '2018-10-01 00:00:00', '2019-12-01 00:00:00', 2, '', '100009', NULL);
INSERT INTO `ad_content_copy1` VALUES ('21', '38°茅台飞天500ml', 10004207, 1098.00, '/goodsDetails?productId=10004207', 1, 'https://luckwine-prod.oss-cn-shenzhen.aliyuncs.com/goods/50/4495/1052034718565957633/c91f63dc-990c-4a8d-8d0e-30df26b4743a.jpg?x-oss-process=image/resize,m_fixed,h_206,w_206', '53°茅台飞天500ml', 2, '2018-10-01 00:00:00', '2019-12-01 00:00:00', 2, '', '100009', NULL);
INSERT INTO `ad_content_copy1` VALUES ('22', '43°茅台飞天500ml', 10004208, 1899.00, '/goodsDetails?productId=10004208', 1, 'https://luckwine-prod.oss-cn-shenzhen.aliyuncs.com/goods/50/4495/1052034718565957633/c91f63dc-990c-4a8d-8d0e-30df26b4743a.jpg?x-oss-process=image/resize,m_fixed,h_206,w_206', '38°茅台飞天500ml', 3, '2018-10-01 00:00:00', '2019-12-01 00:00:00', 2, '', '100009', NULL);
INSERT INTO `ad_content_copy1` VALUES ('23', '53°茅台飞天500ml', 10004208, 1899.00, '/goodsDetails?productId=10004208', 1, 'https://luckwine-prod.oss-cn-shenzhen.aliyuncs.com/luckwine/ad/u1132.png', '53°茅台飞天500ml', 3, '2018-10-01 00:00:00', '2019-12-01 00:00:00', 1, '', '100002', NULL);
INSERT INTO `ad_content_copy1` VALUES ('24', '雪花啤酒清爽', 10004206, 374.00, '/goodsDetails?productId=1052044518112636930&skuId=10009425', 1, 'https://luckwine-prod.oss-cn-shenzhen.aliyuncs.com/goods/57/5086/1052044518112636930/b1205cdb-8880-48f1-9b43-61d5c0c07b98.jpg', '雪花啤酒清爽', 1, '2018-10-01 00:00:00', '2019-12-01 00:00:00', 1, '', '100008', NULL);
INSERT INTO `ad_content_copy1` VALUES ('25', '燕京四瓶组合', 10004206, 1018.00, '/goodsDetails?productId=1052044613239451650&skuId=10009459', 1, 'https://luckwine-prod.oss-cn-shenzhen.aliyuncs.com/goods/57/5038/1052044613239451650/dd6c80e9-a18e-4703-8b91-c6a0f122fb38.jpg', '燕京四瓶组合', 1, '2018-10-01 00:00:00', '2019-12-01 00:00:00', 1, '', '100008', NULL);
INSERT INTO `ad_content_copy1` VALUES ('26', 'HB皇家黑啤易拉罐', 10004206, 821.00, '/goodsDetails?productId=1052044906450661377&skuId=10009556', 1, 'https://luckwine-prod.oss-cn-shenzhen.aliyuncs.com/goods/57/5029/1052044906450661377/5b064791-d175-4845-acce-1dee26df3d94.jpg', 'HB皇家黑啤易拉罐', 1, '2018-10-01 00:00:00', '2019-12-01 00:00:00', 1, '', '100008', NULL);
INSERT INTO `ad_content_copy1` VALUES ('26d5624b-ec4f-4308-9764-4bfd14b2a106', '测试9', 0, 333.00, '/goodsDetails?productId=10004206', 1, 'https://luckwine-prod.oss-cn-shenzhen.aliyuncs.com/luckwine/ad/u1129.png', '测试9', 0, '2018-10-29 00:00:00', '2019-12-01 00:00:00', 2, '', '100001', '2018-11-10 14:26:20');
INSERT INTO `ad_content_copy1` VALUES ('27', '韩国海特黑啤酒', 10004206, 520.00, '/goodsDetails?productId=1052044923576004609&skuId=10009562', 1, 'https://luckwine-prod.oss-cn-shenzhen.aliyuncs.com/goods/57/5076/1052044923576004609/e522eb76-f708-4da9-96ed-f7b623c88af2.jpg', '韩国海特黑啤酒', 1, '2018-10-01 00:00:00', '2019-12-01 00:00:00', 1, '', '100008', NULL);
INSERT INTO `ad_content_copy1` VALUES ('28', '燕京精品啤酒', 10004206, 1778.00, '/goodsDetails?productId=1052044936599318530&skuId=10009567', 1, 'https://luckwine-prod.oss-cn-shenzhen.aliyuncs.com/goods/57/5038/1052044936599318530/9ac80328-26c8-4c3b-8d3b-e739a88c4eb1.jpg', '燕京精品啤酒', 1, '2018-10-01 00:00:00', '2019-12-01 00:00:00', 1, '', '100008', NULL);
INSERT INTO `ad_content_copy1` VALUES ('29', '哈尔博蓝熊啤酒', 10004206, 1364.00, '/goodsDetails?productId=1052044950482464770&skuId=10009572', 1, 'https://luckwine-prod.oss-cn-shenzhen.aliyuncs.com/goods/57/5031/1052044950482464770/7233ef98-b87f-4c81-b046-e61a2a2d04f4.jpg', '哈尔博蓝熊啤酒', 1, '2018-10-01 00:00:00', '2019-12-01 00:00:00', 1, '', '100008', NULL);
INSERT INTO `ad_content_copy1` VALUES ('2ae24dbe-11dd-41a4-a50e-829414fc21ba', '测试4', 0, 333.00, '/goodsDetails?productId=10004206', 1, 'https://luckwine-prod.oss-cn-shenzhen.aliyuncs.com/luckwine/ad/u1129.png', '测试4', 0, '2018-10-29 00:00:00', '2019-12-01 00:00:00', 2, '', '100001', '2018-11-10 14:25:51');
INSERT INTO `ad_content_copy1` VALUES ('3', '53°茅台飞天500ml', 10004208, 1899.00, '/goodsDetails?productId=10004208', 1, 'https://luckwine-prod.oss-cn-shenzhen.aliyuncs.com/luckwine/ad/u1131.png', '53°茅台飞天500ml', 3, '2018-10-01 00:00:00', '2019-12-01 00:00:00', 1, '', '100002', NULL);
INSERT INTO `ad_content_copy1` VALUES ('30', '百威啤酒', 10004206, 700.00, '/goodsDetails?productId=1052045103650058242&skuId=10009603', 1, 'https://luckwine-prod.oss-cn-shenzhen.aliyuncs.com/goods/57/5034/1052045103650058242/81d93bce-9408-475f-b1bb-cfd59e0237c6.jpg', '百威啤酒', 1, '2018-10-01 00:00:00', '2019-12-01 00:00:00', 1, '', '100008', NULL);
INSERT INTO `ad_content_copy1` VALUES ('31', '老五星啤酒', 10004206, 49.00, '/goodsDetails?productId=1052045443728420865&skuId=10009669', 1, 'https://luckwine-prod.oss-cn-shenzhen.aliyuncs.com/goods/57/5036/1052045443728420865/85d52e69-03bc-49b1-8645-961f175016b6.jpg', '老五星啤酒', 1, '2018-10-01 00:00:00', '2019-12-01 00:00:00', 1, '', '100008', NULL);
INSERT INTO `ad_content_copy1` VALUES ('32', '西藏青稞啤酒', 10004206, 153.00, '/goodsDetails?productId=1052046512948785153&skuId=10009959', 1, 'https://luckwine-prod.oss-cn-shenzhen.aliyuncs.com/goods/57/5084/1052046512948785153/854a7e25-7ddc-43e6-b1fb-a9d4d7fdf267.jpg', '西藏青稞啤酒', 1, '2018-10-01 00:00:00', '2019-12-01 00:00:00', 1, '', '100008', NULL);
INSERT INTO `ad_content_copy1` VALUES ('33', '宝龙特醇啤酒', 10004206, 1535.00, '/goodsDetails?productId=1052051215384326146&skuId=10011207', 1, 'https://luckwine-prod.oss-cn-shenzhen.aliyuncs.com/goods/57/5240/1052051215384326146/06b229dc-dcd8-45ee-835b-732c74e30706.jpg', '宝龙特醇啤酒', 1, '2018-10-01 00:00:00', '2019-12-01 00:00:00', 1, '', '100008', NULL);
INSERT INTO `ad_content_copy1` VALUES ('34', '53°茅台飞天500ml', 10004206, 1722.00, '/goodsDetails?productId=10004208', 1, 'https://luckwine-prod.oss-cn-shenzhen.aliyuncs.com/goods/50/4495/1052034718565957633/c91f63dc-990c-4a8d-8d0e-30df26b4743a.jpg?x-oss-process=image/resize,m_fixed,h_206,w_206', '38°茅台飞天500ml', 1, '2018-10-01 00:00:00', '2019-12-01 00:00:00', 2, '', '100009', NULL);
INSERT INTO `ad_content_copy1` VALUES ('35', '云南红葡萄烈酒', 10004206, 878.00, '/goodsDetails?productId=1052034793279094785&skuId=10006271', 1, 'https://luckwine-prod.oss-cn-shenzhen.aliyuncs.com/goods/54/4499/1052034793279094785/98280987-a76a-4d46-b11c-e2396197482c.jpg', '云南红葡萄烈酒', 1, '2018-10-01 00:00:00', '2019-12-01 00:00:00', 1, '', '100007', NULL);
INSERT INTO `ad_content_copy1` VALUES ('36', '路易老爷VSOP干邑', 10004206, 1520.00, '/goodsDetails?productId=1052034828624494593&skuId=10006289', 1, 'https://luckwine-prod.oss-cn-shenzhen.aliyuncs.com/goods/54/4500/1052034828624494593/f28b2e47-585a-4583-8bd7-aa20d2a9d36a.jpg', '路易老爷VSOP干邑', 1, '2018-10-01 00:00:00', '2019-12-01 00:00:00', 1, '', '100007', NULL);
INSERT INTO `ad_content_copy1` VALUES ('37', '高原樽老树葡萄烈酒', 10004206, 1216.00, '/goodsDetails?productId=1052034835901612033&skuId=10006292', 1, 'https://luckwine-prod.oss-cn-shenzhen.aliyuncs.com/goods/54/4499/1052034835901612033/27e042cb-6422-418b-a655-933e919a855b.jpg', '高原樽老树葡萄烈酒', 1, '2018-10-01 00:00:00', '2019-12-01 00:00:00', 1, '', '100007', NULL);
INSERT INTO `ad_content_copy1` VALUES ('38', '38°茅台飞天500ml', 10004206, 1212.00, '/goodsDetails?productId=10004206', 1, 'https://luckwine-prod.oss-cn-shenzhen.aliyuncs.com/luckwine/ad/u1129.png', '38°茅台飞天500ml', 1, '2018-10-01 00:00:00', '2019-12-01 00:00:00', 1, '', '100003', '2018-11-06 20:58:29');
INSERT INTO `ad_content_copy1` VALUES ('39', '43°茅台飞天500ml', 10004207, 1098.00, '/goodsDetails?productId=10004207', 1, 'https://luckwine-prod.oss-cn-shenzhen.aliyuncs.com/luckwine/ad/u1130.png\n', '43°茅台飞天500ml', 2, '2018-10-01 00:00:00', '2019-12-01 00:00:00', 1, '', '100003', NULL);
INSERT INTO `ad_content_copy1` VALUES ('4', 'home', NULL, NULL, 'https://luckwine-prod.oss-cn-shenzhen.aliyuncs.com/luckwine/ad/u1.jpg', 1, 'https://luckwine-prod.oss-cn-shenzhen.aliyuncs.com/luckwine/ad/u1.jpg', NULL, 1, '2018-10-29 09:30:34', '2019-12-01 00:00:00', 1, '', '100001', NULL);
INSERT INTO `ad_content_copy1` VALUES ('40', '53°茅台飞天500ml', 10004208, 1899.00, '/goodsDetails?productId=10004208', 1, 'https://luckwine-prod.oss-cn-shenzhen.aliyuncs.com/luckwine/ad/u1131.png', '53°茅台飞天500ml', 3, '2018-10-01 00:00:00', '2019-12-01 00:00:00', 1, '', '100003', NULL);
INSERT INTO `ad_content_copy1` VALUES ('41', '53°茅台飞天500ml', 10004208, 1899.00, '/goodsDetails?productId=10004208', 1, 'https://luckwine-prod.oss-cn-shenzhen.aliyuncs.com/luckwine/ad/u1132.png', '53°茅台飞天500ml', 3, '2018-10-01 00:00:00', '2019-12-01 00:00:00', 1, '', '100003', NULL);
INSERT INTO `ad_content_copy1` VALUES ('42', '38°茅台飞天500ml', 10004206, 1212.00, '/goodsDetails?productId=10004206', 1, 'https://luckwine-prod.oss-cn-shenzhen.aliyuncs.com/luckwine/ad/u1129.png', '38°茅台飞天500ml', 1, '2018-10-01 00:00:00', '2019-12-01 00:00:00', 1, '', '100004', NULL);
INSERT INTO `ad_content_copy1` VALUES ('43', '43°茅台飞天500ml', 10004207, 1098.00, '/goodsDetails?productId=10004207', 1, 'https://luckwine-prod.oss-cn-shenzhen.aliyuncs.com/luckwine/ad/u1130.png\n', '43°茅台飞天500ml', 2, '2018-10-01 00:00:00', '2019-12-01 00:00:00', 1, '', '100004', NULL);
INSERT INTO `ad_content_copy1` VALUES ('44', '53°茅台飞天500ml', 10004208, 1899.00, '/goodsDetails?productId=10004208', 1, 'https://luckwine-prod.oss-cn-shenzhen.aliyuncs.com/luckwine/ad/u1131.png', '53°茅台飞天500ml', 3, '2018-10-01 00:00:00', '2019-12-01 00:00:00', 1, '', '100004', NULL);
INSERT INTO `ad_content_copy1` VALUES ('45', '53°茅台飞天500ml', 10004208, 1899.00, '/goodsDetails?productId=10004208', 1, 'https://luckwine-prod.oss-cn-shenzhen.aliyuncs.com/luckwine/ad/u1132.png', '53°茅台飞天500ml', 3, '2018-10-01 00:00:00', '2019-12-01 00:00:00', 1, '', '100004', NULL);
INSERT INTO `ad_content_copy1` VALUES ('46', '53°红楼梦酒', 10004206, 1335.00, '/goodsDetails?productId=1052034934954295298&skuId=10006340', 1, 'https://luckwine-prod.oss-cn-shenzhen.aliyuncs.com/goods/49/4501/1052034934954295298/e0f8f402-38ee-468a-a05c-14736e931765.jpg', '53°红楼梦酒500ml', 1, '2018-10-01 00:00:00', '2019-12-01 00:00:00', 1, '', '100005', NULL);
INSERT INTO `ad_content_copy1` VALUES ('47', '五粮液六和液普通装', 10004206, 838.00, '/goodsDetails?productId=1052034929501700097&skuId=10006337', 1, 'https://luckwine-prod.oss-cn-shenzhen.aliyuncs.com/goods/49/4214/1052034929501700097/be0527e2-f69f-43db-98c4-37cea9a7b8bd.jpg', '52°五粮液六和液普通装500ml', 1, '2018-10-01 00:00:00', '2019-12-01 00:00:00', 1, '', '100005', NULL);
INSERT INTO `ad_content_copy1` VALUES ('48', '宝丰老窖丰坛贰号', 10004206, 108.00, '/goodsDetails?productId=1052035274323820545&skuId=10006426', 1, 'https://luckwine-prod.oss-cn-shenzhen.aliyuncs.com/goods/49/4507/1052035274323820545/75c264e0-6b72-4429-b377-ed84cdc09451.jpg', '52°宝丰老窖丰坛贰号500ml', 1, '2018-10-01 00:00:00', '2019-12-01 00:00:00', 1, '', '100005', NULL);
INSERT INTO `ad_content_copy1` VALUES ('49', '宝丰国色清香藏品', 10004206, 1118.00, '/goodsDetails?productId=1052035247497052161&skuId=10006414', 1, 'https://luckwine-prod.oss-cn-shenzhen.aliyuncs.com/goods/49/4507/1052035247497052161/53ad1ec5-a58d-4652-881f-5d2be0d4447b.jpg', '52°宝丰国色清香藏品500ml', 1, '2018-10-01 00:00:00', '2019-12-01 00:00:00', 1, '', '100005', NULL);
INSERT INTO `ad_content_copy1` VALUES ('5', 'home', NULL, NULL, 'https://luckwine-prod.oss-cn-shenzhen.aliyuncs.com/luckwine/ad/u21.jpg', 1, 'https://luckwine-prod.oss-cn-shenzhen.aliyuncs.com/luckwine/ad/u21.jpg', NULL, 1, '2018-10-30 02:34:59', '2019-12-01 00:00:00', 1, '', '100001', NULL);
INSERT INTO `ad_content_copy1` VALUES ('50', '50°杜康老窖青花瓷', 10004206, 1273.00, '/goodsDetails?productId=1052034657631109122&skuId=10006214', 1, 'https://luckwine-prod.oss-cn-shenzhen.aliyuncs.com/goods/49/4301/1052034657631109122/d1060849-fa83-419f-a6f4-75abda6e52e2.jpg', '50°杜康老窖青花瓷500ml（双瓶装）', 1, '2018-10-01 00:00:00', '2019-12-01 00:00:00', 1, '', '100009', NULL);
INSERT INTO `ad_content_copy1` VALUES ('51', '52°汝阳杜康', 10004207, 1098.00, '/goodsDetails?productId=1052034664518156290&skuId=10006217', 1, 'https://luckwine-prod.oss-cn-shenzhen.aliyuncs.com/goods/49/4301/1052034664518156290/eba35f33-c349-4545-ab64-f3a729b104c0.jpg', '52°汝阳杜康中源500ml+巴黎丽人干红葡萄酒', 2, '2018-10-01 00:00:00', '2019-12-01 00:00:00', 2, '', '100009', NULL);
INSERT INTO `ad_content_copy1` VALUES ('52', '52°水井坊往事', 10004208, 1899.00, '/goodsDetails?productId=1052034697770598402&skuId=10006228', 1, 'https://luckwine-prod.oss-cn-shenzhen.aliyuncs.com/goods/49/4247/1052034697770598402/4365c5cf-cca8-4e3c-a1b1-fa55fd6bd1ac.jpg', '52°水井坊往事500ml', 3, '2018-10-01 00:00:00', '2019-12-01 00:00:00', 1, '', '100009', NULL);
INSERT INTO `ad_content_copy1` VALUES ('53', '42°一品景芝吉品', 10004206, 1561.00, '/goodsDetails?productId=1052034743320739842&skuId=10006249', 1, 'https://luckwine-prod.oss-cn-shenzhen.aliyuncs.com/goods/49/4444/1052034743320739842/1ae2c8cc-f299-4752-94e3-7d076bd7bbb7.jpg', '42°一品景芝吉品500ml', 1, '2018-10-01 00:00:00', '2019-12-01 00:00:00', 1, '', '100009', NULL);
INSERT INTO `ad_content_copy1` VALUES ('54', '46°一品景芝妙品', 10004206, 439.00, '/goodsDetails?productId=1052034744990072834&skuId=10006250', 1, 'https://luckwine-prod.oss-cn-shenzhen.aliyuncs.com/goods/49/4444/1052034744990072834/a4bc9b59-d8c4-446c-adeb-bec39ec117e0.jpg', '46°一品景芝妙品500ml', 1, '2018-10-01 00:00:00', '2019-12-01 00:00:00', 1, '', '100009', NULL);
INSERT INTO `ad_content_copy1` VALUES ('55', '45°河套王8年', 10004207, 1053.00, '/goodsDetails?productId=1052034969762824193&skuId=10006354', 1, 'https://luckwine-prod.oss-cn-shenzhen.aliyuncs.com/goods/49/4354/1052034969762824193/748a34f6-7d3f-4156-9fc3-837c139780b9.jpg', '45°河套王8年500ml（河套酒业副总经理张卫东签名版）', 2, '2018-10-01 00:00:00', '2019-12-01 00:00:00', 2, '', '100009', NULL);
INSERT INTO `ad_content_copy1` VALUES ('56', '52°府藏孔府家捌', 10004208, 430.00, '/goodsDetails?productId=1052035007582863362&skuId=10006371', 1, 'https://luckwine-prod.oss-cn-shenzhen.aliyuncs.com/goods/49/4364/1052035007582863362/84ee5b7f-6914-4a49-98ab-0bc112907961.jpg', '52°府藏孔府家捌500ml', 3, '2018-10-01 00:00:00', '2019-12-01 00:00:00', 1, '', '100009', NULL);
INSERT INTO `ad_content_copy1` VALUES ('57', '42°北特加600ml', 10004206, 1118.00, '/goodsDetails?productId=1052034818793046018&skuId=10006284', 1, 'https://luckwine-prod.oss-cn-shenzhen.aliyuncs.com/goods/49/4219/1052034818793046018/837d0c73-91d0-4601-bac7-47aad45b31c2.jpg', '42°北特加600ml（6瓶装）', 1, '2018-10-01 00:00:00', '2019-12-01 00:00:00', 1, '', '100009', NULL);
INSERT INTO `ad_content_copy1` VALUES ('58', '53°红楼梦酒', 10004206, 1335.00, '/goodsDetails?productId=1052034934954295298&skuId=10006340', 1, 'https://luckwine-prod.oss-cn-shenzhen.aliyuncs.com/goods/49/4501/1052034934954295298/e0f8f402-38ee-468a-a05c-14736e931765.jpg', '53°红楼梦酒500ml', 1, '2018-10-01 00:00:00', '2019-12-01 00:00:00', 1, '', '100009', NULL);
INSERT INTO `ad_content_copy1` VALUES ('59', '五粮液六和液普通装', 10004206, 838.00, '/goodsDetails?productId=1052034929501700097&skuId=10006337', 1, 'https://luckwine-prod.oss-cn-shenzhen.aliyuncs.com/goods/49/4214/1052034929501700097/be0527e2-f69f-43db-98c4-37cea9a7b8bd.jpg', '52°五粮液六和液普通装500ml', 1, '2018-10-01 00:00:00', '2019-12-01 00:00:00', 1, '', '100009', NULL);
INSERT INTO `ad_content_copy1` VALUES ('6', 'home', NULL, NULL, NULL, 1, 'https://luckwine-prod.oss-cn-shenzhen.aliyuncs.com/luckwine/ad/u5.jpg', NULL, 1, '2018-10-30 02:47:05', '2019-12-01 00:00:00', 1, '', '100001', NULL);
INSERT INTO `ad_content_copy1` VALUES ('60', '宝丰老窖丰坛贰号', 10004206, 108.00, '/goodsDetails?productId=1052035274323820545&skuId=10006426', 1, 'https://luckwine-prod.oss-cn-shenzhen.aliyuncs.com/goods/49/4507/1052035274323820545/75c264e0-6b72-4429-b377-ed84cdc09451.jpg', '52°宝丰老窖丰坛贰号500ml', 1, '2018-10-01 00:00:00', '2019-12-01 00:00:00', 1, '', '100009', NULL);
INSERT INTO `ad_content_copy1` VALUES ('61', '宝丰国色清香藏品', 10004206, 1118.00, '/goodsDetails?productId=1052035247497052161&skuId=10006414', 1, 'https://luckwine-prod.oss-cn-shenzhen.aliyuncs.com/goods/49/4507/1052035247497052161/53ad1ec5-a58d-4652-881f-5d2be0d4447b.jpg', '52°宝丰国色清香藏品500ml', 1, '2018-10-01 00:00:00', '2019-12-01 00:00:00', 1, '', '100009', NULL);
INSERT INTO `ad_content_copy1` VALUES ('61b824ed-dc92-4853-88a1-9571cc0f74b9', '测试10', 0, 333.00, '/goodsDetails?productId=10004206', 1, 'https://luckwine-prod.oss-cn-shenzhen.aliyuncs.com/luckwine/ad/u1129.png', '测试10', 0, '2018-10-29 00:00:00', '2019-12-01 00:00:00', 2, '', '100001', '2018-11-10 14:26:27');
INSERT INTO `ad_content_copy1` VALUES ('62', '舒特家族白仙芬黛', 10004206, 581.00, '/goodsDetails?productId=1052035517543120897&skuId=10006535', 1, 'https://luckwine-prod.oss-cn-shenzhen.aliyuncs.com/goods/50/4524/1052035517543120897/1b2ed22b-96d8-4dea-83b4-03cb0ce04776.jpg', '舒特家族白仙芬黛', 1, '2018-10-01 00:00:00', '2019-12-01 00:00:00', 1, '', '100006', NULL);
INSERT INTO `ad_content_copy1` VALUES ('63', '高卢骑士干红', 10004206, 295.00, '/goodsDetails?productId=1052035529941483522&skuId=10006541', 1, 'https://luckwine-prod.oss-cn-shenzhen.aliyuncs.com/goods/50/4415/1052035529941483522/7ac915c8-d986-4cee-a8d9-b0776afc63d4.jpg', '高卢骑士干红', 1, '2018-10-01 00:00:00', '2019-12-01 00:00:00', 1, '', '100006', NULL);
INSERT INTO `ad_content_copy1` VALUES ('64', '泰蒂蓝布卢斯克红起泡', 10004206, 1023.00, '/goodsDetails?productId=1052035541962358785&skuId=10006547', 1, 'https://luckwine-prod.oss-cn-shenzhen.aliyuncs.com/goods/50/4537/1052035541962358785/0b470fb2-1059-4d9e-8526-06b8db652bde.jpg', '泰蒂蓝布卢斯克红起泡', 1, '2018-10-01 00:00:00', '2019-12-01 00:00:00', 1, '', '100006', NULL);
INSERT INTO `ad_content_copy1` VALUES ('65', 'AOC马蒂隆1907干红', 10004206, 258.00, '/goodsDetails?productId=1052035588187783169&skuId=10006570', 1, 'https://luckwine-prod.oss-cn-shenzhen.aliyuncs.com/goods/50/4544/1052035588187783169/715d8178-5425-45f3-aa24-135710ce5204.jpg', 'AOC马蒂隆1907干红', 1, '2018-10-01 00:00:00', '2019-12-01 00:00:00', 1, '', '100006', NULL);
INSERT INTO `ad_content_copy1` VALUES ('66', '帕米庄干红', 10004206, 4700.00, '/goodsDetails?productId=1052035668957495297&skuId=10006606', 1, 'https://luckwine-prod.oss-cn-shenzhen.aliyuncs.com/goods/50/4547/1052035668957495297/f90ed864-eaa5-4b41-9063-2bdeafac771f.jpg', '帕米庄干红', 1, '2018-10-01 00:00:00', '2019-12-01 00:00:00', 1, '', '100006', NULL);
INSERT INTO `ad_content_copy1` VALUES ('67', '长城华夏九四干红', 10007040, 159.00, '/goodsDetails?productId=1052036545344733185&skuId=10007040', 1, 'https://luckwine-prod.oss-cn-shenzhen.aliyuncs.com/goods/50/4216/1052036545344733185/4250a3d8-e438-4597-b2e0-dda9e186e344.jpg', '长城华夏九四干红', 1, '2018-10-01 00:00:00', '2019-12-01 00:00:00', 1, '', '100006', NULL);
INSERT INTO `ad_content_copy1` VALUES ('68', '艾玛庄园西拉干红', 10006990, 624.00, '/goodsDetails?productId=1052036453082628098&skuId=10006990', 1, 'https://luckwine-prod.oss-cn-shenzhen.aliyuncs.com/goods/50/4581/1052036453082628098/f9275a75-456e-4caa-9e8f-2fa3a93e07f5.jpg', '艾玛庄园西拉干红', 1, '2018-10-01 00:00:00', '2019-12-01 00:00:00', 1, '', '100006', NULL);
INSERT INTO `ad_content_copy1` VALUES ('69', '男爵窖藏波尔多干红', 10004206, 920.00, '/goodsDetails?productId=1052036353727954945&skuId=10006947', 1, 'https://luckwine-prod.oss-cn-shenzhen.aliyuncs.com/goods/50/4599/1052036353727954945/8c25f0a6-c17c-4e69-91f8-29bf73bcc0ea.jpg', '男爵窖藏波尔多干红', 1, '2018-10-01 00:00:00', '2019-12-01 00:00:00', 1, '', '100006', NULL);
INSERT INTO `ad_content_copy1` VALUES ('6e613401-f8ff-4cd7-8132-f2ec7aa8f048', '12', 0, 0.00, '12', 1, '12', '', 0, '2018-11-28 00:00:00', '2019-12-01 00:00:00', 2, '', '100001', '2018-11-10 14:36:30');
INSERT INTO `ad_content_copy1` VALUES ('7', 'home', NULL, NULL, 'https://luckwine-prod.oss-cn-shenzhen.aliyuncs.com/luckwine/ad/u9.jpg', 1, 'https://luckwine-prod.oss-cn-shenzhen.aliyuncs.com/luckwine/ad/u9.jpg', NULL, 1, '2018-10-30 02:49:42', '2019-12-01 00:00:00', 1, '', '100001', NULL);
INSERT INTO `ad_content_copy1` VALUES ('70', '瑞都麝香起泡葡萄酒', 10004208, 1418.00, '/goodsDetails?productId=1052035406020771841&skuId=10006483', 1, 'https://luckwine-prod.oss-cn-shenzhen.aliyuncs.com/goods/50/4527/1052035406020771841/bb3d5126-9838-4df4-a42f-01c4637c6ff8.jpg', '瑞都麝香起泡葡萄酒', 3, '2018-10-01 00:00:00', '2019-12-01 00:00:00', 1, '', '100010', NULL);
INSERT INTO `ad_content_copy1` VALUES ('71', '圣地酒园佳美娜干红', 10004206, 293.00, '/goodsDetails?productId=1052035407908208642&skuId=10006484', 1, 'https://luckwine-prod.oss-cn-shenzhen.aliyuncs.com/goods/50/4528/1052035407908208642/547eb2fe-77a5-4b20-875b-768642038db3.jpg', '圣地酒园佳美娜干红', 1, '2018-10-01 00:00:00', '2019-12-01 00:00:00', 1, '', '100010', NULL);
INSERT INTO `ad_content_copy1` VALUES ('72', '舒特家族白仙芬黛', 10004206, 581.00, '/goodsDetails?productId=1052035517543120897&skuId=10006535', 1, 'https://luckwine-prod.oss-cn-shenzhen.aliyuncs.com/goods/50/4524/1052035517543120897/1b2ed22b-96d8-4dea-83b4-03cb0ce04776.jpg', '舒特家族白仙芬黛', 1, '2018-10-01 00:00:00', '2019-12-01 00:00:00', 1, '', '100010', NULL);
INSERT INTO `ad_content_copy1` VALUES ('73', '高卢骑士干红', 10004206, 295.00, '/goodsDetails?productId=1052035529941483522&skuId=10006541', 1, 'https://luckwine-prod.oss-cn-shenzhen.aliyuncs.com/goods/50/4415/1052035529941483522/7ac915c8-d986-4cee-a8d9-b0776afc63d4.jpg', '高卢骑士干红', 1, '2018-10-01 00:00:00', '2019-12-01 00:00:00', 1, '', '100010', NULL);
INSERT INTO `ad_content_copy1` VALUES ('74', '泰蒂蓝布卢斯克红起泡', 10004206, 1023.00, '/goodsDetails?productId=1052035541962358785&skuId=10006547', 1, 'https://luckwine-prod.oss-cn-shenzhen.aliyuncs.com/goods/50/4537/1052035541962358785/0b470fb2-1059-4d9e-8526-06b8db652bde.jpg', '泰蒂蓝布卢斯克红起泡', 1, '2018-10-01 00:00:00', '2019-12-01 00:00:00', 1, '', '100010', NULL);
INSERT INTO `ad_content_copy1` VALUES ('75', 'AOC马蒂隆1907干红', 10004206, 258.00, '/goodsDetails?productId=1052035588187783169&skuId=10006570', 1, 'https://luckwine-prod.oss-cn-shenzhen.aliyuncs.com/goods/50/4544/1052035588187783169/715d8178-5425-45f3-aa24-135710ce5204.jpg', 'AOC马蒂隆1907干红', 1, '2018-10-01 00:00:00', '2019-12-01 00:00:00', 1, '', '100010', NULL);
INSERT INTO `ad_content_copy1` VALUES ('755b424d-beca-420e-97e9-d3ee49ca90d6', '测试3', 0, 333.00, '/goodsDetails?productId=10004206', 1, 'https://luckwine-prod.oss-cn-shenzhen.aliyuncs.com/luckwine/ad/u1129.png', '测试3', 0, '2018-10-29 00:00:00', '2019-12-01 00:00:00', 2, '', '100001', '2018-11-10 14:25:46');
INSERT INTO `ad_content_copy1` VALUES ('76', '帕米庄干红', 10004206, 4700.00, '/goodsDetails?productId=1052035668957495297&skuId=10006606', 1, 'https://luckwine-prod.oss-cn-shenzhen.aliyuncs.com/goods/50/4547/1052035668957495297/f90ed864-eaa5-4b41-9063-2bdeafac771f.jpg', '帕米庄干红', 1, '2018-10-01 00:00:00', '2019-12-01 00:00:00', 1, '', '100010', NULL);
INSERT INTO `ad_content_copy1` VALUES ('77', '长城华夏九四干红', 10007040, 159.00, '/goodsDetails?productId=1052036545344733185&skuId=10007040', 1, 'https://luckwine-prod.oss-cn-shenzhen.aliyuncs.com/goods/50/4216/1052036545344733185/4250a3d8-e438-4597-b2e0-dda9e186e344.jpg', '长城华夏九四干红', 1, '2018-10-01 00:00:00', '2019-12-01 00:00:00', 1, '', '100010', NULL);
INSERT INTO `ad_content_copy1` VALUES ('78', '艾玛庄园西拉干红', 10006990, 624.00, '/goodsDetails?productId=1052036453082628098&skuId=10006990', 1, 'https://luckwine-prod.oss-cn-shenzhen.aliyuncs.com/goods/50/4581/1052036453082628098/f9275a75-456e-4caa-9e8f-2fa3a93e07f5.jpg', '艾玛庄园西拉干红', 1, '2018-10-01 00:00:00', '2019-12-01 00:00:00', 1, '', '100010', NULL);
INSERT INTO `ad_content_copy1` VALUES ('79', '男爵窖藏波尔多干红', 10004206, 920.00, '/goodsDetails?productId=1052036353727954945&skuId=10006947', 1, 'https://luckwine-prod.oss-cn-shenzhen.aliyuncs.com/goods/50/4599/1052036353727954945/8c25f0a6-c17c-4e69-91f8-29bf73bcc0ea.jpg', '男爵窖藏波尔多干红', 1, '2018-10-01 00:00:00', '2019-12-01 00:00:00', 1, '', '100010', NULL);
INSERT INTO `ad_content_copy1` VALUES ('7960c198-7ad1-4bf2-80e8-61fc1880858b', '测试8', 0, 333.00, '/goodsDetails?productId=10004206', 1, 'https://luckwine-prod.oss-cn-shenzhen.aliyuncs.com/luckwine/ad/u1129.png', '测试8', 0, '2018-10-29 00:00:00', '2019-12-01 00:00:00', 2, '', '100001', '2018-11-10 14:26:14');
INSERT INTO `ad_content_copy1` VALUES ('8', '50°杜康老窖青花瓷', 10004206, 1273.00, '/goodsDetails?productId=1052034657631109122&skuId=10006214', 1, 'https://luckwine-prod.oss-cn-shenzhen.aliyuncs.com/goods/49/4301/1052034657631109122/d1060849-fa83-419f-a6f4-75abda6e52e2.jpg', '50°杜康老窖青花瓷500ml（双瓶装）', 1, '2018-10-01 00:00:00', '2019-12-01 00:00:00', 1, '', '100005', NULL);
INSERT INTO `ad_content_copy1` VALUES ('80', '哥雷博士金龙舌兰', 10004206, 1170.00, '/goodsDetails?productId=1052035202718662657&skuId=10006402', 1, 'https://luckwine-prod.oss-cn-shenzhen.aliyuncs.com/goods/54/4502/1052035202718662657/9b3346db-120b-4126-9f31-b39dc0e29fe4.jpg', '哥雷博士金龙舌兰', 1, '2018-10-01 00:00:00', '2019-12-01 00:00:00', 1, '', '100007', NULL);
INSERT INTO `ad_content_copy1` VALUES ('81', '马爹利名士干邑', 10004206, 58.00, '/goodsDetails?productId=1052035547763081217&skuId=10006550', 1, 'https://luckwine-prod.oss-cn-shenzhen.aliyuncs.com/goods/54/4281/1052035547763081217/f6e2279d-8edb-434a-b05e-f2ceeca90e68.jpg', '马爹利名士干邑', 1, '2018-10-01 00:00:00', '2019-12-01 00:00:00', 1, '', '100007', NULL);
INSERT INTO `ad_content_copy1` VALUES ('82', '温莎调配威士忌', 10004206, 198.00, '/goodsDetails?productId=1052035554096480258&skuId=10006554', 1, 'https://luckwine-prod.oss-cn-shenzhen.aliyuncs.com/goods/54/4294/1052035554096480258/80c37e2b-8533-4d98-a572-7c8f85a36bba.jpg', '温莎调配威士忌', 1, '2018-10-01 00:00:00', '2019-12-01 00:00:00', 1, '', '100007', NULL);
INSERT INTO `ad_content_copy1` VALUES ('83', '百人城野樱桃', 10004206, 87.00, '/goodsDetails?productId=1052035726406877186&skuId=10006639', 1, 'https://luckwine-prod.oss-cn-shenzhen.aliyuncs.com/goods/54/4300/1052035726406877186/b5bbc6a9-9a10-4b53-b022-d4f0dacb7d39.jpg', '百人城野樱桃', 1, '2018-10-01 00:00:00', '2019-12-01 00:00:00', 1, '', '100007', NULL);
INSERT INTO `ad_content_copy1` VALUES ('84', '马谛氏威士忌', 10004206, 1070.00, '/goodsDetails?productId=1052035858221268994&skuId=10006708', 1, 'https://luckwine-prod.oss-cn-shenzhen.aliyuncs.com/goods/54/4402/1052035858221268994/ea1d6460-bbf5-4d17-84b3-9f25cacb05a3.jpg', '马谛氏威士忌', 1, '2018-10-01 00:00:00', '2019-12-01 00:00:00', 1, '', '100007', NULL);
INSERT INTO `ad_content_copy1` VALUES ('85', '黑帽龙舌兰酒', 10004206, 1367.00, '/goodsDetails?productId=1052035888244097025&skuId=10006724', 1, 'https://luckwine-prod.oss-cn-shenzhen.aliyuncs.com/goods/54/4578/1052035888244097025/f6b289dc-b581-4e65-8a7a-f09d5cdb155f.jpg', '黑帽龙舌兰酒', 1, '2018-10-01 00:00:00', '2019-12-01 00:00:00', 1, '', '100007', NULL);
INSERT INTO `ad_content_copy1` VALUES ('86', '灰雁伏特加', 10004206, 1420.00, '/goodsDetails?productId=1052036319053643777&skuId=10006931', 1, 'https://luckwine-prod.oss-cn-shenzhen.aliyuncs.com/goods/54/4296/1052036319053643777/2ca157c8-dd7f-4d38-a2de-cdf4486b2ca9.jpg', '灰雁伏特加', 1, '2018-10-01 00:00:00', '2019-12-01 00:00:00', 1, '', '100007', NULL);
INSERT INTO `ad_content_copy1` VALUES ('87', '甘露咖啡力娇酒', 10004206, 891.00, '/goodsDetails?productId=1052036379317403649&skuId=10006962', 1, 'https://luckwine-prod.oss-cn-shenzhen.aliyuncs.com/goods/54/4409/1052036379317403649/615b631e-c4a3-43a8-a0c2-40350a45531a.jpg', '甘露咖啡力娇酒', 1, '2018-10-01 00:00:00', '2019-12-01 00:00:00', 1, '', '100007', NULL);
INSERT INTO `ad_content_copy1` VALUES ('88', '卡慕VSOP干邑白兰地', 10004206, 1046.00, '/goodsDetails?productId=1052036372270972929&skuId=10006958', 1, 'https://luckwine-prod.oss-cn-shenzhen.aliyuncs.com/goods/54/4606/1052036372270972929/352a7fc1-6b29-4c02-900b-4a56f46ee315.jpg', '卡慕VSOP干邑白兰地', 1, '2018-10-01 00:00:00', '2019-12-01 00:00:00', 1, '', '100007', NULL);
INSERT INTO `ad_content_copy1` VALUES ('89', '高原樽老树葡萄烈酒', 10004206, 1216.00, '/goodsDetails?productId=1052034835901612033&skuId=10006292', 1, 'https://luckwine-prod.oss-cn-shenzhen.aliyuncs.com/goods/54/4499/1052034835901612033/27e042cb-6422-418b-a655-933e919a855b.jpg', '高原樽老树葡萄烈酒', 1, '2018-10-01 00:00:00', '2019-12-01 00:00:00', 1, '', '100011', NULL);
INSERT INTO `ad_content_copy1` VALUES ('9', '52°汝阳杜康', 10004207, 1098.00, '/goodsDetails?productId=1052034664518156290&skuId=10006217', 1, 'https://luckwine-prod.oss-cn-shenzhen.aliyuncs.com/goods/49/4301/1052034664518156290/eba35f33-c349-4545-ab64-f3a729b104c0.jpg', '52°汝阳杜康中源500ml+巴黎丽人干红葡萄酒', 2, '2018-10-01 00:00:00', '2019-12-01 00:00:00', 1, '', '100005', NULL);
INSERT INTO `ad_content_copy1` VALUES ('90', '哥雷博士金龙舌兰', 10004206, 1170.00, '/goodsDetails?productId=1052035202718662657&skuId=10006402', 1, 'https://luckwine-prod.oss-cn-shenzhen.aliyuncs.com/goods/54/4502/1052035202718662657/9b3346db-120b-4126-9f31-b39dc0e29fe4.jpg', '哥雷博士金龙舌兰', 1, '2018-10-01 00:00:00', '2019-12-01 00:00:00', 1, '', '100011', NULL);
INSERT INTO `ad_content_copy1` VALUES ('91', '马爹利名士干邑', 10004206, 58.00, '/goodsDetails?productId=1052035547763081217&skuId=10006550', 1, 'https://luckwine-prod.oss-cn-shenzhen.aliyuncs.com/goods/54/4281/1052035547763081217/f6e2279d-8edb-434a-b05e-f2ceeca90e68.jpg', '马爹利名士干邑', 1, '2018-10-01 00:00:00', '2019-12-01 00:00:00', 1, '', '100011', NULL);
INSERT INTO `ad_content_copy1` VALUES ('92', '温莎调配威士忌', 10004206, 198.00, '/goodsDetails?productId=1052035554096480258&skuId=10006554', 1, 'https://luckwine-prod.oss-cn-shenzhen.aliyuncs.com/goods/54/4294/1052035554096480258/80c37e2b-8533-4d98-a572-7c8f85a36bba.jpg', '温莎调配威士忌', 1, '2018-10-01 00:00:00', '2019-12-01 00:00:00', 1, '', '100011', NULL);
INSERT INTO `ad_content_copy1` VALUES ('93', '百人城野樱桃', 10004206, 87.00, '/goodsDetails?productId=1052035726406877186&skuId=10006639', 1, 'https://luckwine-prod.oss-cn-shenzhen.aliyuncs.com/goods/54/4300/1052035726406877186/b5bbc6a9-9a10-4b53-b022-d4f0dacb7d39.jpg', '百人城野樱桃', 1, '2018-10-01 00:00:00', '2019-12-01 00:00:00', 1, '', '100011', NULL);
INSERT INTO `ad_content_copy1` VALUES ('94', '马谛氏威士忌', 10004206, 1070.00, '/goodsDetails?productId=1052035858221268994&skuId=10006708', 1, 'https://luckwine-prod.oss-cn-shenzhen.aliyuncs.com/goods/54/4402/1052035858221268994/ea1d6460-bbf5-4d17-84b3-9f25cacb05a3.jpg', '马谛氏威士忌', 1, '2018-10-01 00:00:00', '2019-12-01 00:00:00', 1, '', '100011', NULL);
INSERT INTO `ad_content_copy1` VALUES ('95', '黑帽龙舌兰酒', 10004206, 1367.00, '/goodsDetails?productId=1052035888244097025&skuId=10006724', 1, 'https://luckwine-prod.oss-cn-shenzhen.aliyuncs.com/goods/54/4578/1052035888244097025/f6b289dc-b581-4e65-8a7a-f09d5cdb155f.jpg', '黑帽龙舌兰酒', 1, '2018-10-01 00:00:00', '2019-12-01 00:00:00', 1, '', '100011', NULL);
INSERT INTO `ad_content_copy1` VALUES ('96', '灰雁伏特加', 10004206, 1420.00, '/goodsDetails?productId=1052036319053643777&skuId=10006931', 1, 'https://luckwine-prod.oss-cn-shenzhen.aliyuncs.com/goods/54/4296/1052036319053643777/2ca157c8-dd7f-4d38-a2de-cdf4486b2ca9.jpg', '灰雁伏特加', 1, '2018-10-01 00:00:00', '2019-12-01 00:00:00', 1, '', '100011', NULL);
INSERT INTO `ad_content_copy1` VALUES ('968bb1f5-711a-4f90-97e1-c1b69214216d', '测试5', 0, 333.00, '/goodsDetails?productId=10004206', 1, 'https://luckwine-prod.oss-cn-shenzhen.aliyuncs.com/luckwine/ad/u1129.png', '测试5', 0, '2018-10-29 00:00:00', '2019-12-01 00:00:00', 2, '', '100001', '2018-11-10 14:25:56');
INSERT INTO `ad_content_copy1` VALUES ('97', '甘露咖啡力娇酒', 10004206, 891.00, '/goodsDetails?productId=1052036379317403649&skuId=10006962', 1, 'https://luckwine-prod.oss-cn-shenzhen.aliyuncs.com/goods/54/4409/1052036379317403649/615b631e-c4a3-43a8-a0c2-40350a45531a.jpg', '甘露咖啡力娇酒', 1, '2018-10-01 00:00:00', '2019-12-01 00:00:00', 1, '', '100011', NULL);
INSERT INTO `ad_content_copy1` VALUES ('98', '卡慕VSOP干邑白兰地', 10004206, 1046.00, '/goodsDetails?productId=1052036372270972929&skuId=10006958', 1, 'https://luckwine-prod.oss-cn-shenzhen.aliyuncs.com/goods/54/4606/1052036372270972929/352a7fc1-6b29-4c02-900b-4a56f46ee315.jpg', '卡慕VSOP干邑白兰地', 1, '2018-10-01 00:00:00', '2019-12-01 00:00:00', 1, '', '100011', NULL);
INSERT INTO `ad_content_copy1` VALUES ('99', '德国库斯特白啤酒', 10004206, 750.00, '/goodsDetails?productId=1052052502825938946&skuId=10011607', 1, 'https://luckwine-prod.oss-cn-shenzhen.aliyuncs.com/goods/57/5434/1052052502825938946/032311d6-14e0-4c80-95b2-a8648bf5dc6e.jpg', '德国库斯特白啤酒', 1, '2018-10-01 00:00:00', '2019-12-01 00:00:00', 1, '', '100008', NULL);
INSERT INTO `ad_content_copy1` VALUES ('9bca24db-8698-4679-92b7-d266916b942f', NULL, 10006238, 129.00, '/goodsDetails?productId=1052034718565957633&skuId=10,006,238', 3, 'https://luckwine-prod.oss-cn-shenzhen.aliyuncs.com/goods/50/4495/1052034718565957633/c91f63dc-990c-4a8d-8d0e-30df26b4743a.jpg', NULL, 2, '2018-11-20 00:00:00', '2019-12-01 00:00:00', 2, '', '100001', '2018-11-20 23:15:46');
INSERT INTO `ad_content_copy1` VALUES ('cfc10ad7-1817-4c4d-b8d9-1c03297c8dc9', '测试12', 0, 0.00, '/goodsDetails?productId=10004208', 1, 'https://luckwine-prod.oss-cn-shenzhen.aliyuncs.com/goods/50/4495/1052034718565957633/c91f63dc-990c-4a8d-8d0e-30df26b4743a.jpg?x-oss-process=image/resize,m_fixed,h_206,w_206', '测试12', 0, '2018-10-29 00:00:00', '2019-12-01 00:00:00', 2, '', '100009', '2018-11-10 14:33:41');
INSERT INTO `ad_content_copy1` VALUES ('cfe6ebf2-d53a-46ec-8f38-cffd221f62a7', NULL, 10006228, 1409.00, '/goodsDetails?productId=1052034697770598402&skuId=10,006,228', 3, 'https://luckwine-prod.oss-cn-shenzhen.aliyuncs.com/goods/49/4247/1052034697770598402/4365c5cf-cca8-4e3c-a1b1-fa55fd6bd1ac.jpg', NULL, 1, '2018-11-20 00:00:00', '2019-12-01 00:00:00', 2, '', '100001', '2018-11-20 23:15:46');

-- ----------------------------
-- Table structure for ad_content_copy2
-- ----------------------------
DROP TABLE IF EXISTS `ad_content_copy2`;
CREATE TABLE `ad_content_copy2`  (
  `ad_content_id` varchar(36) CHARACTER SET utf8 COLLATE utf8_bin NOT NULL,
  `title` varchar(100) CHARACTER SET utf8 COLLATE utf8_bin NULL DEFAULT NULL COMMENT '标题',
  `item_id` bigint(20) NULL DEFAULT NULL COMMENT '商品ID',
  `price` decimal(14, 2) NULL DEFAULT NULL COMMENT '货品价格',
  `jump_url` varchar(8000) CHARACTER SET utf8 COLLATE utf8_bin NULL DEFAULT NULL COMMENT '跳转链接',
  `type` int(2) NULL DEFAULT NULL COMMENT '内容类型(1:自定义广告 2:视频广告 3:抽取商品广告)',
  `image_url` varchar(1500) CHARACTER SET utf8 COLLATE utf8_bin NULL DEFAULT NULL COMMENT '广告图片',
  `introduction` varchar(255) CHARACTER SET utf8 COLLATE utf8_bin NULL DEFAULT NULL COMMENT '简介',
  `sort_weight` int(8) NULL DEFAULT NULL COMMENT '排序权重',
  `time_start` datetime(0) NULL DEFAULT NULL COMMENT '开始时间',
  `time_end` datetime(0) NULL DEFAULT NULL COMMENT '结束时间',
  `status` int(1) NULL DEFAULT 0 COMMENT '投放状态(0:待生效,1:已生效,2:已下架)',
  `remarks` varchar(400) CHARACTER SET utf8 COLLATE utf8_bin NULL DEFAULT '' COMMENT '备注',
  `ad_module_id` varchar(48) CHARACTER SET utf8 COLLATE utf8_bin NULL DEFAULT NULL COMMENT '广告模块编码',
  `operating_time` datetime(0) NULL DEFAULT NULL COMMENT '操作时间',
  PRIMARY KEY (`ad_content_id`) USING BTREE
) ENGINE = InnoDB CHARACTER SET = utf8 COLLATE = utf8_bin COMMENT = '广告内容列表' ROW_FORMAT = Dynamic;

-- ----------------------------
-- Records of ad_content_copy2
-- ----------------------------
INSERT INTO `ad_content_copy2` VALUES ('0e0cb9d4-f613-4c69-b67e-ad5b4e77cc57', '测试7', 0, 333.00, 'http://luckwine-prod.oss-cn-shenzhen.aliyuncs.com/luckwine/ad/ed0035dc9187463aba52001ad3529a6a.jpg', 1, 'http://luckwine-prod.oss-cn-shenzhen.aliyuncs.com/luckwine/ad/ed0035dc9187463aba52001ad3529a6a.jpg', '测试7', 0, '2018-10-29 00:00:00', '2019-12-01 00:00:00', 1, '', '100001', '2018-11-10 14:26:09');
INSERT INTO `ad_content_copy2` VALUES ('1', '38°茅台飞天500ml', 10004206, 1212.00, '/goodsDetails?productId=10004206', 1, 'https://luckwine-prod.oss-cn-shenzhen.aliyuncs.com/luckwine/ad/u1129.png', '38°茅台飞天500ml', 1, '2018-10-01 00:00:00', '2019-12-01 00:00:00', 1, '', '100002', '2018-11-06 20:58:29');
INSERT INTO `ad_content_copy2` VALUES ('10', '52°水井坊往事', 10004208, 1899.00, '/goodsDetails?productId=1052034697770598402&skuId=10006228', 1, 'https://luckwine-prod.oss-cn-shenzhen.aliyuncs.com/goods/49/4247/1052034697770598402/4365c5cf-cca8-4e3c-a1b1-fa55fd6bd1ac.jpg', '52°水井坊往事500ml', 3, '2018-10-01 00:00:00', '2019-12-01 00:00:00', 1, '', '100005', NULL);
INSERT INTO `ad_content_copy2` VALUES ('100', '德国库斯特', 10004206, 1970.00, '/goodsDetails?productId=1052053897872420865&skuId=10011982', 1, 'https://luckwine-prod.oss-cn-shenzhen.aliyuncs.com/goods/57/5434/1052053897872420865/0acbb50b-292a-4686-a29b-e7cad3919e32.jpg', '德国库斯特', 1, '2018-10-01 00:00:00', '2019-12-01 00:00:00', 1, '', '100008', NULL);
INSERT INTO `ad_content_copy2` VALUES ('101', '', 10004206, NULL, 'https://luckwine-prod.oss-cn-shenzhen.aliyuncs.com/luckwine/ad/b6a57d44e244420d8840a2fafd6d7e0e.jpg', 1, 'https://luckwine-prod.oss-cn-shenzhen.aliyuncs.com/luckwine/ad/b6a57d44e244420d8840a2fafd6d7e0e.jpg', '', 1, '2018-10-01 00:00:00', '2019-12-01 00:00:00', 1, '', '100012', NULL);
INSERT INTO `ad_content_copy2` VALUES ('102', '', 10004206, NULL, 'https://luckwine-prod.oss-cn-shenzhen.aliyuncs.com/luckwine/ad/843458a8c716462fae134cdce43c63c1.jpg', 1, 'https://luckwine-prod.oss-cn-shenzhen.aliyuncs.com/luckwine/ad/843458a8c716462fae134cdce43c63c1.jpg', '', 1, '2018-10-01 00:00:00', '2019-12-01 00:00:00', 1, '', '100013', NULL);
INSERT INTO `ad_content_copy2` VALUES ('11', '42°一品景芝吉品', 10004206, 1561.00, '/goodsDetails?productId=1052034743320739842&skuId=10006249', 1, 'https://luckwine-prod.oss-cn-shenzhen.aliyuncs.com/goods/49/4444/1052034743320739842/1ae2c8cc-f299-4752-94e3-7d076bd7bbb7.jpg', '42°一品景芝吉品500ml', 1, '2018-10-01 00:00:00', '2019-12-01 00:00:00', 1, '', '100005', NULL);
INSERT INTO `ad_content_copy2` VALUES ('12', '中国云南小干红', 10004206, 1780.00, '/goodsDetails?productId=1052034812904243201&skuId=10006281', 1, 'https://luckwine-prod.oss-cn-shenzhen.aliyuncs.com/goods/50/4499/1052034812904243201/cd9a2bdd-66a8-4beb-a6c2-6647a82fec9d.jpg', '中国云南小干红', 1, '2018-10-01 00:00:00', '2019-12-01 00:00:00', 1, '', '100006', NULL);
INSERT INTO `ad_content_copy2` VALUES ('13', '阿旺沙城堡干红', 10004207, 644.00, '/goodsDetails?productId=1052034984530968578&skuId=10006361', 1, 'https://luckwine-prod.oss-cn-shenzhen.aliyuncs.com/goods/50/4486/1052034984530968578/db5b3c2e-4fe3-41d9-b818-c0f737d19069.jpg', '阿旺沙城堡干红', 2, '2018-10-01 00:00:00', '2019-12-01 00:00:00', 1, '', '100006', NULL);
INSERT INTO `ad_content_copy2` VALUES ('14', '瑞都麝香起泡葡萄酒', 10004208, 1418.00, '/goodsDetails?productId=1052035406020771841&skuId=10006483', 1, 'https://luckwine-prod.oss-cn-shenzhen.aliyuncs.com/goods/50/4527/1052035406020771841/bb3d5126-9838-4df4-a42f-01c4637c6ff8.jpg', '瑞都麝香起泡葡萄酒', 3, '2018-10-01 00:00:00', '2019-12-01 00:00:00', 1, '', '100006', NULL);
INSERT INTO `ad_content_copy2` VALUES ('15', '圣地酒园佳美娜干红', 10004206, 293.00, '/goodsDetails?productId=1052035407908208642&skuId=10006484', 1, 'https://luckwine-prod.oss-cn-shenzhen.aliyuncs.com/goods/50/4528/1052035407908208642/547eb2fe-77a5-4b20-875b-768642038db3.jpg', '圣地酒园佳美娜干红', 1, '2018-10-01 00:00:00', '2019-12-01 00:00:00', 1, '', '100006', NULL);
INSERT INTO `ad_content_copy2` VALUES ('16', '46°一品景芝妙品', 10004206, 439.00, '/goodsDetails?productId=1052034744990072834&skuId=10006250', 1, 'https://luckwine-prod.oss-cn-shenzhen.aliyuncs.com/goods/49/4444/1052034744990072834/a4bc9b59-d8c4-446c-adeb-bec39ec117e0.jpg', '46°一品景芝妙品500ml', 1, '2018-10-01 00:00:00', '2019-12-01 00:00:00', 1, '', '100005', NULL);
INSERT INTO `ad_content_copy2` VALUES ('17', '45°河套王8年', 10004207, 1053.00, '/goodsDetails?productId=1052034969762824193&skuId=10006354', 1, 'https://luckwine-prod.oss-cn-shenzhen.aliyuncs.com/goods/49/4354/1052034969762824193/748a34f6-7d3f-4156-9fc3-837c139780b9.jpg', '45°河套王8年500ml（河套酒业副总经理张卫东签名版）', 2, '2018-10-01 00:00:00', '2019-12-01 00:00:00', 1, '', '100005', NULL);
INSERT INTO `ad_content_copy2` VALUES ('18', '52°府藏孔府家捌', 10004208, 430.00, '/goodsDetails?productId=1052035007582863362&skuId=10006371', 1, 'https://luckwine-prod.oss-cn-shenzhen.aliyuncs.com/goods/49/4364/1052035007582863362/84ee5b7f-6914-4a49-98ab-0bc112907961.jpg', '52°府藏孔府家捌500ml', 3, '2018-10-01 00:00:00', '2019-12-01 00:00:00', 1, '', '100005', NULL);
INSERT INTO `ad_content_copy2` VALUES ('19', '42°北特加600ml', 10004206, 1118.00, '/goodsDetails?productId=1052034818793046018&skuId=10006284', 1, 'https://luckwine-prod.oss-cn-shenzhen.aliyuncs.com/goods/49/4219/1052034818793046018/837d0c73-91d0-4601-bac7-47aad45b31c2.jpg', '42°北特加600ml（6瓶装）', 1, '2018-10-01 00:00:00', '2019-12-01 00:00:00', 1, '', '100005', NULL);
INSERT INTO `ad_content_copy2` VALUES ('2', '43°茅台飞天500ml', 10004207, 1098.00, '/goodsDetails?productId=10004207', 1, 'https://luckwine-prod.oss-cn-shenzhen.aliyuncs.com/luckwine/ad/u1130.png\n', '43°茅台飞天500ml', 2, '2018-10-01 00:00:00', '2019-12-01 00:00:00', 1, '', '100002', NULL);
INSERT INTO `ad_content_copy2` VALUES ('20', '38°茅台飞天500ml', 10004206, 1722.00, '/goodsDetails?productId=10004206', 1, 'https://luckwine-prod.oss-cn-shenzhen.aliyuncs.com/goods/50/4495/1052034718565957633/c91f63dc-990c-4a8d-8d0e-30df26b4743a.jpg?x-oss-process=image/resize,m_fixed,h_206,w_206', '43°茅台飞天500ml', 1, '2018-10-01 00:00:00', '2019-12-01 00:00:00', 2, '', '100009', NULL);
INSERT INTO `ad_content_copy2` VALUES ('21', '38°茅台飞天500ml', 10004207, 1098.00, '/goodsDetails?productId=10004207', 1, 'https://luckwine-prod.oss-cn-shenzhen.aliyuncs.com/goods/50/4495/1052034718565957633/c91f63dc-990c-4a8d-8d0e-30df26b4743a.jpg?x-oss-process=image/resize,m_fixed,h_206,w_206', '53°茅台飞天500ml', 2, '2018-10-01 00:00:00', '2019-12-01 00:00:00', 2, '', '100009', NULL);
INSERT INTO `ad_content_copy2` VALUES ('22', '43°茅台飞天500ml', 10004208, 1899.00, '/goodsDetails?productId=10004208', 1, 'https://luckwine-prod.oss-cn-shenzhen.aliyuncs.com/goods/50/4495/1052034718565957633/c91f63dc-990c-4a8d-8d0e-30df26b4743a.jpg?x-oss-process=image/resize,m_fixed,h_206,w_206', '38°茅台飞天500ml', 3, '2018-10-01 00:00:00', '2019-12-01 00:00:00', 2, '', '100009', NULL);
INSERT INTO `ad_content_copy2` VALUES ('23', '53°茅台飞天500ml', 10004208, 1899.00, '/goodsDetails?productId=10004208', 1, 'https://luckwine-prod.oss-cn-shenzhen.aliyuncs.com/luckwine/ad/u1132.png', '53°茅台飞天500ml', 3, '2018-10-01 00:00:00', '2019-12-01 00:00:00', 1, '', '100002', NULL);
INSERT INTO `ad_content_copy2` VALUES ('24', '雪花啤酒清爽', 10004206, 374.00, '/goodsDetails?productId=1052044518112636930&skuId=10009425', 1, 'https://luckwine-prod.oss-cn-shenzhen.aliyuncs.com/goods/57/5086/1052044518112636930/b1205cdb-8880-48f1-9b43-61d5c0c07b98.jpg', '雪花啤酒清爽', 1, '2018-10-01 00:00:00', '2019-12-01 00:00:00', 1, '', '100008', NULL);
INSERT INTO `ad_content_copy2` VALUES ('25', '燕京四瓶组合', 10004206, 1018.00, '/goodsDetails?productId=1052044613239451650&skuId=10009459', 1, 'https://luckwine-prod.oss-cn-shenzhen.aliyuncs.com/goods/57/5038/1052044613239451650/dd6c80e9-a18e-4703-8b91-c6a0f122fb38.jpg', '燕京四瓶组合', 1, '2018-10-01 00:00:00', '2019-12-01 00:00:00', 1, '', '100008', NULL);
INSERT INTO `ad_content_copy2` VALUES ('26', 'HB皇家黑啤易拉罐', 10004206, 821.00, '/goodsDetails?productId=1052044906450661377&skuId=10009556', 1, 'https://luckwine-prod.oss-cn-shenzhen.aliyuncs.com/goods/57/5029/1052044906450661377/5b064791-d175-4845-acce-1dee26df3d94.jpg', 'HB皇家黑啤易拉罐', 1, '2018-10-01 00:00:00', '2019-12-01 00:00:00', 1, '', '100008', NULL);
INSERT INTO `ad_content_copy2` VALUES ('26d5624b-ec4f-4308-9764-4bfd14b2a106', '测试9', 0, 333.00, 'http://luckwine-prod.oss-cn-shenzhen.aliyuncs.com/luckwine/ad/f1313d3458814dff8000170cdb63fe42.jpg', 1, 'http://luckwine-prod.oss-cn-shenzhen.aliyuncs.com/luckwine/ad/f1313d3458814dff8000170cdb63fe42.jpg', '测试9', 0, '2018-10-29 00:00:00', '2019-12-01 00:00:00', 1, '', '100001', '2018-11-10 14:26:20');
INSERT INTO `ad_content_copy2` VALUES ('27', '韩国海特黑啤酒', 10004206, 520.00, '/goodsDetails?productId=1052044923576004609&skuId=10009562', 1, 'https://luckwine-prod.oss-cn-shenzhen.aliyuncs.com/goods/57/5076/1052044923576004609/e522eb76-f708-4da9-96ed-f7b623c88af2.jpg', '韩国海特黑啤酒', 1, '2018-10-01 00:00:00', '2019-12-01 00:00:00', 1, '', '100008', NULL);
INSERT INTO `ad_content_copy2` VALUES ('28', '燕京精品啤酒', 10004206, 1778.00, '/goodsDetails?productId=1052044936599318530&skuId=10009567', 1, 'https://luckwine-prod.oss-cn-shenzhen.aliyuncs.com/goods/57/5038/1052044936599318530/9ac80328-26c8-4c3b-8d3b-e739a88c4eb1.jpg', '燕京精品啤酒', 1, '2018-10-01 00:00:00', '2019-12-01 00:00:00', 1, '', '100008', NULL);
INSERT INTO `ad_content_copy2` VALUES ('29', '哈尔博蓝熊啤酒', 10004206, 1364.00, '/goodsDetails?productId=1052044950482464770&skuId=10009572', 1, 'https://luckwine-prod.oss-cn-shenzhen.aliyuncs.com/goods/57/5031/1052044950482464770/7233ef98-b87f-4c81-b046-e61a2a2d04f4.jpg', '哈尔博蓝熊啤酒', 1, '2018-10-01 00:00:00', '2019-12-01 00:00:00', 1, '', '100008', NULL);
INSERT INTO `ad_content_copy2` VALUES ('2ae24dbe-11dd-41a4-a50e-829414fc21ba', '测试4', 0, 333.00, 'http://luckwine-prod.oss-cn-shenzhen.aliyuncs.com/luckwine/ad/2bcc4a41913846ff890786ee38a74015.jpg', 1, 'http://luckwine-prod.oss-cn-shenzhen.aliyuncs.com/luckwine/ad/2bcc4a41913846ff890786ee38a74015.jpg', '测试4', 0, '2018-10-29 00:00:00', '2019-12-01 00:00:00', 1, '', '100001', '2018-11-10 14:25:51');
INSERT INTO `ad_content_copy2` VALUES ('3', '53°茅台飞天500ml', 10004208, 1899.00, '/goodsDetails?productId=10004208', 1, 'https://luckwine-prod.oss-cn-shenzhen.aliyuncs.com/luckwine/ad/u1131.png', '53°茅台飞天500ml', 3, '2018-10-01 00:00:00', '2019-12-01 00:00:00', 1, '', '100002', NULL);
INSERT INTO `ad_content_copy2` VALUES ('30', '百威啤酒', 10004206, 700.00, '/goodsDetails?productId=1052045103650058242&skuId=10009603', 1, 'https://luckwine-prod.oss-cn-shenzhen.aliyuncs.com/goods/57/5034/1052045103650058242/81d93bce-9408-475f-b1bb-cfd59e0237c6.jpg', '百威啤酒', 1, '2018-10-01 00:00:00', '2019-12-01 00:00:00', 1, '', '100008', NULL);
INSERT INTO `ad_content_copy2` VALUES ('31', '老五星啤酒', 10004206, 49.00, '/goodsDetails?productId=1052045443728420865&skuId=10009669', 1, 'https://luckwine-prod.oss-cn-shenzhen.aliyuncs.com/goods/57/5036/1052045443728420865/85d52e69-03bc-49b1-8645-961f175016b6.jpg', '老五星啤酒', 1, '2018-10-01 00:00:00', '2019-12-01 00:00:00', 1, '', '100008', NULL);
INSERT INTO `ad_content_copy2` VALUES ('32', '西藏青稞啤酒', 10004206, 153.00, '/goodsDetails?productId=1052046512948785153&skuId=10009959', 1, 'https://luckwine-prod.oss-cn-shenzhen.aliyuncs.com/goods/57/5084/1052046512948785153/854a7e25-7ddc-43e6-b1fb-a9d4d7fdf267.jpg', '西藏青稞啤酒', 1, '2018-10-01 00:00:00', '2019-12-01 00:00:00', 1, '', '100008', NULL);
INSERT INTO `ad_content_copy2` VALUES ('33', '宝龙特醇啤酒', 10004206, 1535.00, '/goodsDetails?productId=1052051215384326146&skuId=10011207', 1, 'https://luckwine-prod.oss-cn-shenzhen.aliyuncs.com/goods/57/5240/1052051215384326146/06b229dc-dcd8-45ee-835b-732c74e30706.jpg', '宝龙特醇啤酒', 1, '2018-10-01 00:00:00', '2019-12-01 00:00:00', 1, '', '100008', NULL);
INSERT INTO `ad_content_copy2` VALUES ('34', '53°茅台飞天500ml', 10004206, 1722.00, '/goodsDetails?productId=10004208', 1, 'https://luckwine-prod.oss-cn-shenzhen.aliyuncs.com/goods/50/4495/1052034718565957633/c91f63dc-990c-4a8d-8d0e-30df26b4743a.jpg?x-oss-process=image/resize,m_fixed,h_206,w_206', '38°茅台飞天500ml', 1, '2018-10-01 00:00:00', '2019-12-01 00:00:00', 2, '', '100009', NULL);
INSERT INTO `ad_content_copy2` VALUES ('35', '云南红葡萄烈酒', 10004206, 878.00, '/goodsDetails?productId=1052034793279094785&skuId=10006271', 1, 'https://luckwine-prod.oss-cn-shenzhen.aliyuncs.com/goods/54/4499/1052034793279094785/98280987-a76a-4d46-b11c-e2396197482c.jpg', '云南红葡萄烈酒', 1, '2018-10-01 00:00:00', '2019-12-01 00:00:00', 1, '', '100007', NULL);
INSERT INTO `ad_content_copy2` VALUES ('36', '路易老爷VSOP干邑', 10004206, 1520.00, '/goodsDetails?productId=1052034828624494593&skuId=10006289', 1, 'https://luckwine-prod.oss-cn-shenzhen.aliyuncs.com/goods/54/4500/1052034828624494593/f28b2e47-585a-4583-8bd7-aa20d2a9d36a.jpg', '路易老爷VSOP干邑', 1, '2018-10-01 00:00:00', '2019-12-01 00:00:00', 1, '', '100007', NULL);
INSERT INTO `ad_content_copy2` VALUES ('37', '高原樽老树葡萄烈酒', 10004206, 1216.00, '/goodsDetails?productId=1052034835901612033&skuId=10006292', 1, 'https://luckwine-prod.oss-cn-shenzhen.aliyuncs.com/goods/54/4499/1052034835901612033/27e042cb-6422-418b-a655-933e919a855b.jpg', '高原樽老树葡萄烈酒', 1, '2018-10-01 00:00:00', '2019-12-01 00:00:00', 1, '', '100007', NULL);
INSERT INTO `ad_content_copy2` VALUES ('38', '38°茅台飞天500ml', 10004206, 1212.00, '/goodsDetails?productId=10004206', 1, 'https://luckwine-prod.oss-cn-shenzhen.aliyuncs.com/luckwine/ad/u1129.png', '38°茅台飞天500ml', 1, '2018-10-01 00:00:00', '2019-12-01 00:00:00', 1, '', '100003', '2018-11-06 20:58:29');
INSERT INTO `ad_content_copy2` VALUES ('39', '43°茅台飞天500ml', 10004207, 1098.00, '/goodsDetails?productId=10004207', 1, 'https://luckwine-prod.oss-cn-shenzhen.aliyuncs.com/luckwine/ad/u1130.png\n', '43°茅台飞天500ml', 2, '2018-10-01 00:00:00', '2019-12-01 00:00:00', 1, '', '100003', NULL);
INSERT INTO `ad_content_copy2` VALUES ('4', 'home', NULL, NULL, 'http://luckwine-prod.oss-cn-shenzhen.aliyuncs.com/luckwine/ad/5e73934706ca48478933625bd8930f7a.jpg', 1, 'http://luckwine-prod.oss-cn-shenzhen.aliyuncs.com/luckwine/ad/5e73934706ca48478933625bd8930f7a.jpg', NULL, 1, '2018-10-29 09:30:34', '2019-12-01 00:00:00', 1, '', '100001', NULL);
INSERT INTO `ad_content_copy2` VALUES ('40', '53°茅台飞天500ml', 10004208, 1899.00, '/goodsDetails?productId=10004208', 1, 'https://luckwine-prod.oss-cn-shenzhen.aliyuncs.com/luckwine/ad/u1131.png', '53°茅台飞天500ml', 3, '2018-10-01 00:00:00', '2019-12-01 00:00:00', 1, '', '100003', NULL);
INSERT INTO `ad_content_copy2` VALUES ('41', '53°茅台飞天500ml', 10004208, 1899.00, '/goodsDetails?productId=10004208', 1, 'https://luckwine-prod.oss-cn-shenzhen.aliyuncs.com/luckwine/ad/u1132.png', '53°茅台飞天500ml', 3, '2018-10-01 00:00:00', '2019-12-01 00:00:00', 1, '', '100003', NULL);
INSERT INTO `ad_content_copy2` VALUES ('42', '38°茅台飞天500ml', 10004206, 1212.00, '/goodsDetails?productId=10004206', 1, 'https://luckwine-prod.oss-cn-shenzhen.aliyuncs.com/luckwine/ad/u1129.png', '38°茅台飞天500ml', 1, '2018-10-01 00:00:00', '2019-12-01 00:00:00', 1, '', '100004', NULL);
INSERT INTO `ad_content_copy2` VALUES ('43', '43°茅台飞天500ml', 10004207, 1098.00, '/goodsDetails?productId=10004207', 1, 'https://luckwine-prod.oss-cn-shenzhen.aliyuncs.com/luckwine/ad/u1130.png\n', '43°茅台飞天500ml', 2, '2018-10-01 00:00:00', '2019-12-01 00:00:00', 1, '', '100004', NULL);
INSERT INTO `ad_content_copy2` VALUES ('44', '53°茅台飞天500ml', 10004208, 1899.00, '/goodsDetails?productId=10004208', 1, 'https://luckwine-prod.oss-cn-shenzhen.aliyuncs.com/luckwine/ad/u1131.png', '53°茅台飞天500ml', 3, '2018-10-01 00:00:00', '2019-12-01 00:00:00', 1, '', '100004', NULL);
INSERT INTO `ad_content_copy2` VALUES ('45', '53°茅台飞天500ml', 10004208, 1899.00, '/goodsDetails?productId=10004208', 1, 'https://luckwine-prod.oss-cn-shenzhen.aliyuncs.com/luckwine/ad/u1132.png', '53°茅台飞天500ml', 3, '2018-10-01 00:00:00', '2019-12-01 00:00:00', 1, '', '100004', NULL);
INSERT INTO `ad_content_copy2` VALUES ('46', '53°红楼梦酒', 10004206, 1335.00, '/goodsDetails?productId=1052034934954295298&skuId=10006340', 1, 'https://luckwine-prod.oss-cn-shenzhen.aliyuncs.com/goods/49/4501/1052034934954295298/e0f8f402-38ee-468a-a05c-14736e931765.jpg', '53°红楼梦酒500ml', 1, '2018-10-01 00:00:00', '2019-12-01 00:00:00', 1, '', '100005', NULL);
INSERT INTO `ad_content_copy2` VALUES ('47', '五粮液六和液普通装', 10004206, 838.00, '/goodsDetails?productId=1052034929501700097&skuId=10006337', 1, 'https://luckwine-prod.oss-cn-shenzhen.aliyuncs.com/goods/49/4214/1052034929501700097/be0527e2-f69f-43db-98c4-37cea9a7b8bd.jpg', '52°五粮液六和液普通装500ml', 1, '2018-10-01 00:00:00', '2019-12-01 00:00:00', 1, '', '100005', NULL);
INSERT INTO `ad_content_copy2` VALUES ('48', '宝丰老窖丰坛贰号', 10004206, 108.00, '/goodsDetails?productId=1052035274323820545&skuId=10006426', 1, 'https://luckwine-prod.oss-cn-shenzhen.aliyuncs.com/goods/49/4507/1052035274323820545/75c264e0-6b72-4429-b377-ed84cdc09451.jpg', '52°宝丰老窖丰坛贰号500ml', 1, '2018-10-01 00:00:00', '2019-12-01 00:00:00', 1, '', '100005', NULL);
INSERT INTO `ad_content_copy2` VALUES ('49', '宝丰国色清香藏品', 10004206, 1118.00, '/goodsDetails?productId=1052035247497052161&skuId=10006414', 1, 'https://luckwine-prod.oss-cn-shenzhen.aliyuncs.com/goods/49/4507/1052035247497052161/53ad1ec5-a58d-4652-881f-5d2be0d4447b.jpg', '52°宝丰国色清香藏品500ml', 1, '2018-10-01 00:00:00', '2019-12-01 00:00:00', 1, '', '100005', NULL);
INSERT INTO `ad_content_copy2` VALUES ('5', 'home', NULL, NULL, 'http://luckwine-prod.oss-cn-shenzhen.aliyuncs.com/luckwine/ad/8547812d6a8b4ab29009cca478154018.jpg', 1, 'http://luckwine-prod.oss-cn-shenzhen.aliyuncs.com/luckwine/ad/8547812d6a8b4ab29009cca478154018.jpg', NULL, 1, '2018-10-30 02:34:59', '2019-12-01 00:00:00', 1, '', '100001', NULL);
INSERT INTO `ad_content_copy2` VALUES ('50', '50°杜康老窖青花瓷', 10004206, 1273.00, '/goodsDetails?productId=1052034657631109122&skuId=10006214', 1, 'https://luckwine-prod.oss-cn-shenzhen.aliyuncs.com/goods/49/4301/1052034657631109122/d1060849-fa83-419f-a6f4-75abda6e52e2.jpg', '50°杜康老窖青花瓷500ml（双瓶装）', 1, '2018-10-01 00:00:00', '2019-12-01 00:00:00', 1, '', '100009', NULL);
INSERT INTO `ad_content_copy2` VALUES ('51', '52°汝阳杜康', 10004207, 1098.00, '/goodsDetails?productId=1052034664518156290&skuId=10006217', 1, 'https://luckwine-prod.oss-cn-shenzhen.aliyuncs.com/goods/49/4301/1052034664518156290/eba35f33-c349-4545-ab64-f3a729b104c0.jpg', '52°汝阳杜康中源500ml+巴黎丽人干红葡萄酒', 2, '2018-10-01 00:00:00', '2019-12-01 00:00:00', 2, '', '100009', NULL);
INSERT INTO `ad_content_copy2` VALUES ('52', '52°水井坊往事', 10004208, 1899.00, '/goodsDetails?productId=1052034697770598402&skuId=10006228', 1, 'https://luckwine-prod.oss-cn-shenzhen.aliyuncs.com/goods/49/4247/1052034697770598402/4365c5cf-cca8-4e3c-a1b1-fa55fd6bd1ac.jpg', '52°水井坊往事500ml', 3, '2018-10-01 00:00:00', '2019-12-01 00:00:00', 1, '', '100009', NULL);
INSERT INTO `ad_content_copy2` VALUES ('53', '42°一品景芝吉品', 10004206, 1561.00, '/goodsDetails?productId=1052034743320739842&skuId=10006249', 1, 'https://luckwine-prod.oss-cn-shenzhen.aliyuncs.com/goods/49/4444/1052034743320739842/1ae2c8cc-f299-4752-94e3-7d076bd7bbb7.jpg', '42°一品景芝吉品500ml', 1, '2018-10-01 00:00:00', '2019-12-01 00:00:00', 1, '', '100009', NULL);
INSERT INTO `ad_content_copy2` VALUES ('54', '46°一品景芝妙品', 10004206, 439.00, '/goodsDetails?productId=1052034744990072834&skuId=10006250', 1, 'https://luckwine-prod.oss-cn-shenzhen.aliyuncs.com/goods/49/4444/1052034744990072834/a4bc9b59-d8c4-446c-adeb-bec39ec117e0.jpg', '46°一品景芝妙品500ml', 1, '2018-10-01 00:00:00', '2019-12-01 00:00:00', 1, '', '100009', NULL);
INSERT INTO `ad_content_copy2` VALUES ('55', '45°河套王8年', 10004207, 1053.00, '/goodsDetails?productId=1052034969762824193&skuId=10006354', 1, 'https://luckwine-prod.oss-cn-shenzhen.aliyuncs.com/goods/49/4354/1052034969762824193/748a34f6-7d3f-4156-9fc3-837c139780b9.jpg', '45°河套王8年500ml（河套酒业副总经理张卫东签名版）', 2, '2018-10-01 00:00:00', '2019-12-01 00:00:00', 2, '', '100009', NULL);
INSERT INTO `ad_content_copy2` VALUES ('56', '52°府藏孔府家捌', 10004208, 430.00, '/goodsDetails?productId=1052035007582863362&skuId=10006371', 1, 'https://luckwine-prod.oss-cn-shenzhen.aliyuncs.com/goods/49/4364/1052035007582863362/84ee5b7f-6914-4a49-98ab-0bc112907961.jpg', '52°府藏孔府家捌500ml', 3, '2018-10-01 00:00:00', '2019-12-01 00:00:00', 1, '', '100009', NULL);
INSERT INTO `ad_content_copy2` VALUES ('57', '42°北特加600ml', 10004206, 1118.00, '/goodsDetails?productId=1052034818793046018&skuId=10006284', 1, 'https://luckwine-prod.oss-cn-shenzhen.aliyuncs.com/goods/49/4219/1052034818793046018/837d0c73-91d0-4601-bac7-47aad45b31c2.jpg', '42°北特加600ml（6瓶装）', 1, '2018-10-01 00:00:00', '2019-12-01 00:00:00', 1, '', '100009', NULL);
INSERT INTO `ad_content_copy2` VALUES ('58', '53°红楼梦酒', 10004206, 1335.00, '/goodsDetails?productId=1052034934954295298&skuId=10006340', 1, 'https://luckwine-prod.oss-cn-shenzhen.aliyuncs.com/goods/49/4501/1052034934954295298/e0f8f402-38ee-468a-a05c-14736e931765.jpg', '53°红楼梦酒500ml', 1, '2018-10-01 00:00:00', '2019-12-01 00:00:00', 1, '', '100009', NULL);
INSERT INTO `ad_content_copy2` VALUES ('59', '五粮液六和液普通装', 10004206, 838.00, '/goodsDetails?productId=1052034929501700097&skuId=10006337', 1, 'https://luckwine-prod.oss-cn-shenzhen.aliyuncs.com/goods/49/4214/1052034929501700097/be0527e2-f69f-43db-98c4-37cea9a7b8bd.jpg', '52°五粮液六和液普通装500ml', 1, '2018-10-01 00:00:00', '2019-12-01 00:00:00', 1, '', '100009', NULL);
INSERT INTO `ad_content_copy2` VALUES ('6', 'home', NULL, NULL, 'http://luckwine-prod.oss-cn-shenzhen.aliyuncs.com/luckwine/ad/2bcc4a41913846ff890786ee38a74015.jpg', 1, 'http://luckwine-prod.oss-cn-shenzhen.aliyuncs.com/luckwine/ad/2bcc4a41913846ff890786ee38a74015.jpg', NULL, 1, '2018-10-30 02:47:05', '2019-12-01 00:00:00', 1, '', '100001', NULL);
INSERT INTO `ad_content_copy2` VALUES ('60', '宝丰老窖丰坛贰号', 10004206, 108.00, '/goodsDetails?productId=1052035274323820545&skuId=10006426', 1, 'https://luckwine-prod.oss-cn-shenzhen.aliyuncs.com/goods/49/4507/1052035274323820545/75c264e0-6b72-4429-b377-ed84cdc09451.jpg', '52°宝丰老窖丰坛贰号500ml', 1, '2018-10-01 00:00:00', '2019-12-01 00:00:00', 1, '', '100009', NULL);
INSERT INTO `ad_content_copy2` VALUES ('61', '宝丰国色清香藏品', 10004206, 1118.00, '/goodsDetails?productId=1052035247497052161&skuId=10006414', 1, 'https://luckwine-prod.oss-cn-shenzhen.aliyuncs.com/goods/49/4507/1052035247497052161/53ad1ec5-a58d-4652-881f-5d2be0d4447b.jpg', '52°宝丰国色清香藏品500ml', 1, '2018-10-01 00:00:00', '2019-12-01 00:00:00', 1, '', '100009', NULL);
INSERT INTO `ad_content_copy2` VALUES ('61b824ed-dc92-4853-88a1-9571cc0f74b9', '测试10', 0, 333.00, 'http://luckwine-prod.oss-cn-shenzhen.aliyuncs.com/luckwine/ad/5e73934706ca48478933625bd8930f7a.jpg', 1, 'http://luckwine-prod.oss-cn-shenzhen.aliyuncs.com/luckwine/ad/5e73934706ca48478933625bd8930f7a.jpg', '测试10', 0, '2018-10-29 00:00:00', '2019-12-01 00:00:00', 1, '', '100001', '2018-11-10 14:26:27');
INSERT INTO `ad_content_copy2` VALUES ('62', '舒特家族白仙芬黛', 10004206, 581.00, '/goodsDetails?productId=1052035517543120897&skuId=10006535', 1, 'https://luckwine-prod.oss-cn-shenzhen.aliyuncs.com/goods/50/4524/1052035517543120897/1b2ed22b-96d8-4dea-83b4-03cb0ce04776.jpg', '舒特家族白仙芬黛', 1, '2018-10-01 00:00:00', '2019-12-01 00:00:00', 1, '', '100006', NULL);
INSERT INTO `ad_content_copy2` VALUES ('63', '高卢骑士干红', 10004206, 295.00, '/goodsDetails?productId=1052035529941483522&skuId=10006541', 1, 'https://luckwine-prod.oss-cn-shenzhen.aliyuncs.com/goods/50/4415/1052035529941483522/7ac915c8-d986-4cee-a8d9-b0776afc63d4.jpg', '高卢骑士干红', 1, '2018-10-01 00:00:00', '2019-12-01 00:00:00', 1, '', '100006', NULL);
INSERT INTO `ad_content_copy2` VALUES ('64', '泰蒂蓝布卢斯克红起泡', 10004206, 1023.00, '/goodsDetails?productId=1052035541962358785&skuId=10006547', 1, 'https://luckwine-prod.oss-cn-shenzhen.aliyuncs.com/goods/50/4537/1052035541962358785/0b470fb2-1059-4d9e-8526-06b8db652bde.jpg', '泰蒂蓝布卢斯克红起泡', 1, '2018-10-01 00:00:00', '2019-12-01 00:00:00', 1, '', '100006', NULL);
INSERT INTO `ad_content_copy2` VALUES ('65', 'AOC马蒂隆1907干红', 10004206, 258.00, '/goodsDetails?productId=1052035588187783169&skuId=10006570', 1, 'https://luckwine-prod.oss-cn-shenzhen.aliyuncs.com/goods/50/4544/1052035588187783169/715d8178-5425-45f3-aa24-135710ce5204.jpg', 'AOC马蒂隆1907干红', 1, '2018-10-01 00:00:00', '2019-12-01 00:00:00', 1, '', '100006', NULL);
INSERT INTO `ad_content_copy2` VALUES ('66', '帕米庄干红', 10004206, 4700.00, '/goodsDetails?productId=1052035668957495297&skuId=10006606', 1, 'https://luckwine-prod.oss-cn-shenzhen.aliyuncs.com/goods/50/4547/1052035668957495297/f90ed864-eaa5-4b41-9063-2bdeafac771f.jpg', '帕米庄干红', 1, '2018-10-01 00:00:00', '2019-12-01 00:00:00', 1, '', '100006', NULL);
INSERT INTO `ad_content_copy2` VALUES ('67', '长城华夏九四干红', 10007040, 159.00, '/goodsDetails?productId=1052036545344733185&skuId=10007040', 1, 'https://luckwine-prod.oss-cn-shenzhen.aliyuncs.com/goods/50/4216/1052036545344733185/4250a3d8-e438-4597-b2e0-dda9e186e344.jpg', '长城华夏九四干红', 1, '2018-10-01 00:00:00', '2019-12-01 00:00:00', 1, '', '100006', NULL);
INSERT INTO `ad_content_copy2` VALUES ('68', '艾玛庄园西拉干红', 10006990, 624.00, '/goodsDetails?productId=1052036453082628098&skuId=10006990', 1, 'https://luckwine-prod.oss-cn-shenzhen.aliyuncs.com/goods/50/4581/1052036453082628098/f9275a75-456e-4caa-9e8f-2fa3a93e07f5.jpg', '艾玛庄园西拉干红', 1, '2018-10-01 00:00:00', '2019-12-01 00:00:00', 1, '', '100006', NULL);
INSERT INTO `ad_content_copy2` VALUES ('69', '男爵窖藏波尔多干红', 10004206, 920.00, '/goodsDetails?productId=1052036353727954945&skuId=10006947', 1, 'https://luckwine-prod.oss-cn-shenzhen.aliyuncs.com/goods/50/4599/1052036353727954945/8c25f0a6-c17c-4e69-91f8-29bf73bcc0ea.jpg', '男爵窖藏波尔多干红', 1, '2018-10-01 00:00:00', '2019-12-01 00:00:00', 1, '', '100006', NULL);
INSERT INTO `ad_content_copy2` VALUES ('6e613401-f8ff-4cd7-8132-f2ec7aa8f048', '12', 0, 0.00, 'http://luckwine-prod.oss-cn-shenzhen.aliyuncs.com/luckwine/ad/b84fab4d86e84c76895347d7dae1135b.jpg', 1, 'http://luckwine-prod.oss-cn-shenzhen.aliyuncs.com/luckwine/ad/b84fab4d86e84c76895347d7dae1135b.jpg', '', 0, '2018-11-28 00:00:00', '2019-12-01 00:00:00', 1, '', '100001', '2018-11-10 14:36:30');
INSERT INTO `ad_content_copy2` VALUES ('7', 'home', NULL, NULL, 'http://luckwine-prod.oss-cn-shenzhen.aliyuncs.com/luckwine/ad/acd03ece7b744fa888d3d4e6242237a7.jpg', 1, 'http://luckwine-prod.oss-cn-shenzhen.aliyuncs.com/luckwine/ad/acd03ece7b744fa888d3d4e6242237a7.jpg', NULL, 1, '2018-10-30 02:49:42', '2019-12-01 00:00:00', 1, '', '100001', NULL);
INSERT INTO `ad_content_copy2` VALUES ('70', '瑞都麝香起泡葡萄酒', 10004208, 1418.00, '/goodsDetails?productId=1052035406020771841&skuId=10006483', 1, 'https://luckwine-prod.oss-cn-shenzhen.aliyuncs.com/goods/50/4527/1052035406020771841/bb3d5126-9838-4df4-a42f-01c4637c6ff8.jpg', '瑞都麝香起泡葡萄酒', 3, '2018-10-01 00:00:00', '2019-12-01 00:00:00', 1, '', '100010', NULL);
INSERT INTO `ad_content_copy2` VALUES ('71', '圣地酒园佳美娜干红', 10004206, 293.00, '/goodsDetails?productId=1052035407908208642&skuId=10006484', 1, 'https://luckwine-prod.oss-cn-shenzhen.aliyuncs.com/goods/50/4528/1052035407908208642/547eb2fe-77a5-4b20-875b-768642038db3.jpg', '圣地酒园佳美娜干红', 1, '2018-10-01 00:00:00', '2019-12-01 00:00:00', 1, '', '100010', NULL);
INSERT INTO `ad_content_copy2` VALUES ('72', '舒特家族白仙芬黛', 10004206, 581.00, '/goodsDetails?productId=1052035517543120897&skuId=10006535', 1, 'https://luckwine-prod.oss-cn-shenzhen.aliyuncs.com/goods/50/4524/1052035517543120897/1b2ed22b-96d8-4dea-83b4-03cb0ce04776.jpg', '舒特家族白仙芬黛', 1, '2018-10-01 00:00:00', '2019-12-01 00:00:00', 1, '', '100010', NULL);
INSERT INTO `ad_content_copy2` VALUES ('73', '高卢骑士干红', 10004206, 295.00, '/goodsDetails?productId=1052035529941483522&skuId=10006541', 1, 'https://luckwine-prod.oss-cn-shenzhen.aliyuncs.com/goods/50/4415/1052035529941483522/7ac915c8-d986-4cee-a8d9-b0776afc63d4.jpg', '高卢骑士干红', 1, '2018-10-01 00:00:00', '2019-12-01 00:00:00', 1, '', '100010', NULL);
INSERT INTO `ad_content_copy2` VALUES ('74', '泰蒂蓝布卢斯克红起泡', 10004206, 1023.00, '/goodsDetails?productId=1052035541962358785&skuId=10006547', 1, 'https://luckwine-prod.oss-cn-shenzhen.aliyuncs.com/goods/50/4537/1052035541962358785/0b470fb2-1059-4d9e-8526-06b8db652bde.jpg', '泰蒂蓝布卢斯克红起泡', 1, '2018-10-01 00:00:00', '2019-12-01 00:00:00', 1, '', '100010', NULL);
INSERT INTO `ad_content_copy2` VALUES ('75', 'AOC马蒂隆1907干红', 10004206, 258.00, '/goodsDetails?productId=1052035588187783169&skuId=10006570', 1, 'https://luckwine-prod.oss-cn-shenzhen.aliyuncs.com/goods/50/4544/1052035588187783169/715d8178-5425-45f3-aa24-135710ce5204.jpg', 'AOC马蒂隆1907干红', 1, '2018-10-01 00:00:00', '2019-12-01 00:00:00', 1, '', '100010', NULL);
INSERT INTO `ad_content_copy2` VALUES ('755b424d-beca-420e-97e9-d3ee49ca90d6', '测试3', 0, 333.00, 'http://luckwine-prod.oss-cn-shenzhen.aliyuncs.com/luckwine/ad/8547812d6a8b4ab29009cca478154018.jpg', 1, 'http://luckwine-prod.oss-cn-shenzhen.aliyuncs.com/luckwine/ad/8547812d6a8b4ab29009cca478154018.jpg', '测试3', 0, '2018-10-29 00:00:00', '2019-12-01 00:00:00', 2, '', '100001', '2018-11-10 14:25:46');
INSERT INTO `ad_content_copy2` VALUES ('76', '帕米庄干红', 10004206, 4700.00, '/goodsDetails?productId=1052035668957495297&skuId=10006606', 1, 'https://luckwine-prod.oss-cn-shenzhen.aliyuncs.com/goods/50/4547/1052035668957495297/f90ed864-eaa5-4b41-9063-2bdeafac771f.jpg', '帕米庄干红', 1, '2018-10-01 00:00:00', '2019-12-01 00:00:00', 1, '', '100010', NULL);
INSERT INTO `ad_content_copy2` VALUES ('77', '长城华夏九四干红', 10007040, 159.00, '/goodsDetails?productId=1052036545344733185&skuId=10007040', 1, 'https://luckwine-prod.oss-cn-shenzhen.aliyuncs.com/goods/50/4216/1052036545344733185/4250a3d8-e438-4597-b2e0-dda9e186e344.jpg', '长城华夏九四干红', 1, '2018-10-01 00:00:00', '2019-12-01 00:00:00', 1, '', '100010', NULL);
INSERT INTO `ad_content_copy2` VALUES ('78', '艾玛庄园西拉干红', 10006990, 624.00, '/goodsDetails?productId=1052036453082628098&skuId=10006990', 1, 'https://luckwine-prod.oss-cn-shenzhen.aliyuncs.com/goods/50/4581/1052036453082628098/f9275a75-456e-4caa-9e8f-2fa3a93e07f5.jpg', '艾玛庄园西拉干红', 1, '2018-10-01 00:00:00', '2019-12-01 00:00:00', 1, '', '100010', NULL);
INSERT INTO `ad_content_copy2` VALUES ('79', '男爵窖藏波尔多干红', 10004206, 920.00, '/goodsDetails?productId=1052036353727954945&skuId=10006947', 1, 'https://luckwine-prod.oss-cn-shenzhen.aliyuncs.com/goods/50/4599/1052036353727954945/8c25f0a6-c17c-4e69-91f8-29bf73bcc0ea.jpg', '男爵窖藏波尔多干红', 1, '2018-10-01 00:00:00', '2019-12-01 00:00:00', 1, '', '100010', NULL);
INSERT INTO `ad_content_copy2` VALUES ('7960c198-7ad1-4bf2-80e8-61fc1880858b', '测试8', 0, 333.00, 'http://luckwine-prod.oss-cn-shenzhen.aliyuncs.com/luckwine/ad/acd03ece7b744fa888d3d4e6242237a7.jpg', 1, 'http://luckwine-prod.oss-cn-shenzhen.aliyuncs.com/luckwine/ad/acd03ece7b744fa888d3d4e6242237a7.jpg', '测试8', 0, '2018-10-29 00:00:00', '2019-12-01 00:00:00', 2, '', '100001', '2018-11-10 14:26:14');
INSERT INTO `ad_content_copy2` VALUES ('8', '50°杜康老窖青花瓷', 10004206, 1273.00, '/goodsDetails?productId=1052034657631109122&skuId=10006214', 1, 'https://luckwine-prod.oss-cn-shenzhen.aliyuncs.com/goods/49/4301/1052034657631109122/d1060849-fa83-419f-a6f4-75abda6e52e2.jpg', '50°杜康老窖青花瓷500ml（双瓶装）', 1, '2018-10-01 00:00:00', '2019-12-01 00:00:00', 1, '', '100005', NULL);
INSERT INTO `ad_content_copy2` VALUES ('80', '哥雷博士金龙舌兰', 10004206, 1170.00, '/goodsDetails?productId=1052035202718662657&skuId=10006402', 1, 'https://luckwine-prod.oss-cn-shenzhen.aliyuncs.com/goods/54/4502/1052035202718662657/9b3346db-120b-4126-9f31-b39dc0e29fe4.jpg', '哥雷博士金龙舌兰', 1, '2018-10-01 00:00:00', '2019-12-01 00:00:00', 1, '', '100007', NULL);
INSERT INTO `ad_content_copy2` VALUES ('81', '马爹利名士干邑', 10004206, 58.00, '/goodsDetails?productId=1052035547763081217&skuId=10006550', 1, 'https://luckwine-prod.oss-cn-shenzhen.aliyuncs.com/goods/54/4281/1052035547763081217/f6e2279d-8edb-434a-b05e-f2ceeca90e68.jpg', '马爹利名士干邑', 1, '2018-10-01 00:00:00', '2019-12-01 00:00:00', 1, '', '100007', NULL);
INSERT INTO `ad_content_copy2` VALUES ('82', '温莎调配威士忌', 10004206, 198.00, '/goodsDetails?productId=1052035554096480258&skuId=10006554', 1, 'https://luckwine-prod.oss-cn-shenzhen.aliyuncs.com/goods/54/4294/1052035554096480258/80c37e2b-8533-4d98-a572-7c8f85a36bba.jpg', '温莎调配威士忌', 1, '2018-10-01 00:00:00', '2019-12-01 00:00:00', 1, '', '100007', NULL);
INSERT INTO `ad_content_copy2` VALUES ('83', '百人城野樱桃', 10004206, 87.00, '/goodsDetails?productId=1052035726406877186&skuId=10006639', 1, 'https://luckwine-prod.oss-cn-shenzhen.aliyuncs.com/goods/54/4300/1052035726406877186/b5bbc6a9-9a10-4b53-b022-d4f0dacb7d39.jpg', '百人城野樱桃', 1, '2018-10-01 00:00:00', '2019-12-01 00:00:00', 1, '', '100007', NULL);
INSERT INTO `ad_content_copy2` VALUES ('84', '马谛氏威士忌', 10004206, 1070.00, '/goodsDetails?productId=1052035858221268994&skuId=10006708', 1, 'https://luckwine-prod.oss-cn-shenzhen.aliyuncs.com/goods/54/4402/1052035858221268994/ea1d6460-bbf5-4d17-84b3-9f25cacb05a3.jpg', '马谛氏威士忌', 1, '2018-10-01 00:00:00', '2019-12-01 00:00:00', 1, '', '100007', NULL);
INSERT INTO `ad_content_copy2` VALUES ('85', '黑帽龙舌兰酒', 10004206, 1367.00, '/goodsDetails?productId=1052035888244097025&skuId=10006724', 1, 'https://luckwine-prod.oss-cn-shenzhen.aliyuncs.com/goods/54/4578/1052035888244097025/f6b289dc-b581-4e65-8a7a-f09d5cdb155f.jpg', '黑帽龙舌兰酒', 1, '2018-10-01 00:00:00', '2019-12-01 00:00:00', 1, '', '100007', NULL);
INSERT INTO `ad_content_copy2` VALUES ('86', '灰雁伏特加', 10004206, 1420.00, '/goodsDetails?productId=1052036319053643777&skuId=10006931', 1, 'https://luckwine-prod.oss-cn-shenzhen.aliyuncs.com/goods/54/4296/1052036319053643777/2ca157c8-dd7f-4d38-a2de-cdf4486b2ca9.jpg', '灰雁伏特加', 1, '2018-10-01 00:00:00', '2019-12-01 00:00:00', 1, '', '100007', NULL);
INSERT INTO `ad_content_copy2` VALUES ('87', '甘露咖啡力娇酒', 10004206, 891.00, '/goodsDetails?productId=1052036379317403649&skuId=10006962', 1, 'https://luckwine-prod.oss-cn-shenzhen.aliyuncs.com/goods/54/4409/1052036379317403649/615b631e-c4a3-43a8-a0c2-40350a45531a.jpg', '甘露咖啡力娇酒', 1, '2018-10-01 00:00:00', '2019-12-01 00:00:00', 1, '', '100007', NULL);
INSERT INTO `ad_content_copy2` VALUES ('88', '卡慕VSOP干邑白兰地', 10004206, 1046.00, '/goodsDetails?productId=1052036372270972929&skuId=10006958', 1, 'https://luckwine-prod.oss-cn-shenzhen.aliyuncs.com/goods/54/4606/1052036372270972929/352a7fc1-6b29-4c02-900b-4a56f46ee315.jpg', '卡慕VSOP干邑白兰地', 1, '2018-10-01 00:00:00', '2019-12-01 00:00:00', 1, '', '100007', NULL);
INSERT INTO `ad_content_copy2` VALUES ('89', '高原樽老树葡萄烈酒', 10004206, 1216.00, '/goodsDetails?productId=1052034835901612033&skuId=10006292', 1, 'https://luckwine-prod.oss-cn-shenzhen.aliyuncs.com/goods/54/4499/1052034835901612033/27e042cb-6422-418b-a655-933e919a855b.jpg', '高原樽老树葡萄烈酒', 1, '2018-10-01 00:00:00', '2019-12-01 00:00:00', 1, '', '100011', NULL);
INSERT INTO `ad_content_copy2` VALUES ('9', '52°汝阳杜康', 10004207, 1098.00, '/goodsDetails?productId=1052034664518156290&skuId=10006217', 1, 'https://luckwine-prod.oss-cn-shenzhen.aliyuncs.com/goods/49/4301/1052034664518156290/eba35f33-c349-4545-ab64-f3a729b104c0.jpg', '52°汝阳杜康中源500ml+巴黎丽人干红葡萄酒', 2, '2018-10-01 00:00:00', '2019-12-01 00:00:00', 1, '', '100005', NULL);
INSERT INTO `ad_content_copy2` VALUES ('90', '哥雷博士金龙舌兰', 10004206, 1170.00, '/goodsDetails?productId=1052035202718662657&skuId=10006402', 1, 'https://luckwine-prod.oss-cn-shenzhen.aliyuncs.com/goods/54/4502/1052035202718662657/9b3346db-120b-4126-9f31-b39dc0e29fe4.jpg', '哥雷博士金龙舌兰', 1, '2018-10-01 00:00:00', '2019-12-01 00:00:00', 1, '', '100011', NULL);
INSERT INTO `ad_content_copy2` VALUES ('91', '马爹利名士干邑', 10004206, 58.00, '/goodsDetails?productId=1052035547763081217&skuId=10006550', 1, 'https://luckwine-prod.oss-cn-shenzhen.aliyuncs.com/goods/54/4281/1052035547763081217/f6e2279d-8edb-434a-b05e-f2ceeca90e68.jpg', '马爹利名士干邑', 1, '2018-10-01 00:00:00', '2019-12-01 00:00:00', 1, '', '100011', NULL);
INSERT INTO `ad_content_copy2` VALUES ('92', '温莎调配威士忌', 10004206, 198.00, '/goodsDetails?productId=1052035554096480258&skuId=10006554', 1, 'https://luckwine-prod.oss-cn-shenzhen.aliyuncs.com/goods/54/4294/1052035554096480258/80c37e2b-8533-4d98-a572-7c8f85a36bba.jpg', '温莎调配威士忌', 1, '2018-10-01 00:00:00', '2019-12-01 00:00:00', 1, '', '100011', NULL);
INSERT INTO `ad_content_copy2` VALUES ('93', '百人城野樱桃', 10004206, 87.00, '/goodsDetails?productId=1052035726406877186&skuId=10006639', 1, 'https://luckwine-prod.oss-cn-shenzhen.aliyuncs.com/goods/54/4300/1052035726406877186/b5bbc6a9-9a10-4b53-b022-d4f0dacb7d39.jpg', '百人城野樱桃', 1, '2018-10-01 00:00:00', '2019-12-01 00:00:00', 1, '', '100011', NULL);
INSERT INTO `ad_content_copy2` VALUES ('94', '马谛氏威士忌', 10004206, 1070.00, '/goodsDetails?productId=1052035858221268994&skuId=10006708', 1, 'https://luckwine-prod.oss-cn-shenzhen.aliyuncs.com/goods/54/4402/1052035858221268994/ea1d6460-bbf5-4d17-84b3-9f25cacb05a3.jpg', '马谛氏威士忌', 1, '2018-10-01 00:00:00', '2019-12-01 00:00:00', 1, '', '100011', NULL);
INSERT INTO `ad_content_copy2` VALUES ('95', '黑帽龙舌兰酒', 10004206, 1367.00, '/goodsDetails?productId=1052035888244097025&skuId=10006724', 1, 'https://luckwine-prod.oss-cn-shenzhen.aliyuncs.com/goods/54/4578/1052035888244097025/f6b289dc-b581-4e65-8a7a-f09d5cdb155f.jpg', '黑帽龙舌兰酒', 1, '2018-10-01 00:00:00', '2019-12-01 00:00:00', 1, '', '100011', NULL);
INSERT INTO `ad_content_copy2` VALUES ('96', '灰雁伏特加', 10004206, 1420.00, '/goodsDetails?productId=1052036319053643777&skuId=10006931', 1, 'https://luckwine-prod.oss-cn-shenzhen.aliyuncs.com/goods/54/4296/1052036319053643777/2ca157c8-dd7f-4d38-a2de-cdf4486b2ca9.jpg', '灰雁伏特加', 1, '2018-10-01 00:00:00', '2019-12-01 00:00:00', 1, '', '100011', NULL);
INSERT INTO `ad_content_copy2` VALUES ('968bb1f5-711a-4f90-97e1-c1b69214216d', '测试5', 0, 333.00, 'http://luckwine-prod.oss-cn-shenzhen.aliyuncs.com/luckwine/ad/b84fab4d86e84c76895347d7dae1135b.jpg', 1, 'http://luckwine-prod.oss-cn-shenzhen.aliyuncs.com/luckwine/ad/b84fab4d86e84c76895347d7dae1135b.jpg', '测试5', 0, '2018-10-29 00:00:00', '2019-12-01 00:00:00', 2, '', '100001', '2018-11-10 14:25:56');
INSERT INTO `ad_content_copy2` VALUES ('97', '甘露咖啡力娇酒', 10004206, 891.00, '/goodsDetails?productId=1052036379317403649&skuId=10006962', 1, 'https://luckwine-prod.oss-cn-shenzhen.aliyuncs.com/goods/54/4409/1052036379317403649/615b631e-c4a3-43a8-a0c2-40350a45531a.jpg', '甘露咖啡力娇酒', 1, '2018-10-01 00:00:00', '2019-12-01 00:00:00', 1, '', '100011', NULL);
INSERT INTO `ad_content_copy2` VALUES ('98', '卡慕VSOP干邑白兰地', 10004206, 1046.00, '/goodsDetails?productId=1052036372270972929&skuId=10006958', 1, 'https://luckwine-prod.oss-cn-shenzhen.aliyuncs.com/goods/54/4606/1052036372270972929/352a7fc1-6b29-4c02-900b-4a56f46ee315.jpg', '卡慕VSOP干邑白兰地', 1, '2018-10-01 00:00:00', '2019-12-01 00:00:00', 1, '', '100011', NULL);
INSERT INTO `ad_content_copy2` VALUES ('99', '德国库斯特白啤酒', 10004206, 750.00, '/goodsDetails?productId=1052052502825938946&skuId=10011607', 1, 'https://luckwine-prod.oss-cn-shenzhen.aliyuncs.com/goods/57/5434/1052052502825938946/032311d6-14e0-4c80-95b2-a8648bf5dc6e.jpg', '德国库斯特白啤酒', 1, '2018-10-01 00:00:00', '2019-12-01 00:00:00', 1, '', '100008', NULL);
INSERT INTO `ad_content_copy2` VALUES ('9bca24db-8698-4679-92b7-d266916b942f', NULL, 10006238, 129.00, 'http://luckwine-prod.oss-cn-shenzhen.aliyuncs.com/luckwine/ad/be2bdd014015423fa7f9edce09369fac.jpg', 3, 'http://luckwine-prod.oss-cn-shenzhen.aliyuncs.com/luckwine/ad/be2bdd014015423fa7f9edce09369fac.jpg', NULL, 2, '2018-11-20 00:00:00', '2019-12-01 00:00:00', 1, '', '100001', '2018-11-20 23:15:46');
INSERT INTO `ad_content_copy2` VALUES ('cfc10ad7-1817-4c4d-b8d9-1c03297c8dc9', '测试12', 0, 0.00, '/goodsDetails?productId=10004208', 1, 'https://luckwine-prod.oss-cn-shenzhen.aliyuncs.com/goods/50/4495/1052034718565957633/c91f63dc-990c-4a8d-8d0e-30df26b4743a.jpg?x-oss-process=image/resize,m_fixed,h_206,w_206', '测试12', 0, '2018-10-29 00:00:00', '2019-12-01 00:00:00', 2, '', '100009', '2018-11-10 14:33:41');
INSERT INTO `ad_content_copy2` VALUES ('cfe6ebf2-d53a-46ec-8f38-cffd221f62a7', NULL, 10006228, 1409.00, 'http://luckwine-prod.oss-cn-shenzhen.aliyuncs.com/luckwine/ad/be2bdd014015423fa7f9edce09369fac.jpg', 3, 'http://luckwine-prod.oss-cn-shenzhen.aliyuncs.com/luckwine/ad/be2bdd014015423fa7f9edce09369fac.jpg', NULL, 1, '2018-11-20 00:00:00', '2019-12-01 00:00:00', 2, '', '100001', '2018-11-20 23:15:46');

-- ----------------------------
-- Table structure for ad_dictionary
-- ----------------------------
DROP TABLE IF EXISTS `ad_dictionary`;
CREATE TABLE `ad_dictionary`  (
  `ID` int(36) NOT NULL AUTO_INCREMENT COMMENT '主键',
  `name` varchar(100) CHARACTER SET utf8 COLLATE utf8_bin NULL DEFAULT NULL COMMENT '名称',
  `url` varchar(8000) CHARACTER SET utf8 COLLATE utf8_bin NOT NULL COMMENT '地址',
  `sort_weight` int(8) NULL DEFAULT NULL COMMENT '排序',
  `status` int(1) UNSIGNED NULL DEFAULT 1 COMMENT '是否激活 0.未激活 1.激活',
  `parent_id` varchar(16) CHARACTER SET utf8 COLLATE utf8_bin NULL DEFAULT NULL COMMENT '父字典编码',
  PRIMARY KEY (`ID`) USING BTREE
) ENGINE = InnoDB AUTO_INCREMENT = 241 CHARACTER SET = utf8 COLLATE = utf8_bin COMMENT = '系统字典' ROW_FORMAT = Dynamic;

-- ----------------------------
-- Records of ad_dictionary
-- ----------------------------
INSERT INTO `ad_dictionary` VALUES (1, '酒缘网PC版', 'http://www.jiuyuanwang.com', 1, 1, NULL);
INSERT INTO `ad_dictionary` VALUES (2, '酒缘网H5版', 'http://www.m.jiuyuanwang.com', 1, 1, NULL);
INSERT INTO `ad_dictionary` VALUES (10, '首页', '/pc/ad/homepage', 1, 1, '1');
INSERT INTO `ad_dictionary` VALUES (11, '领劵中心', '/pc/ad/vouchercenter', 1, 1, '1');
INSERT INTO `ad_dictionary` VALUES (12, '白酒馆', '/pc/ad/liquorwine', 1, 1, '1');
INSERT INTO `ad_dictionary` VALUES (13, '葡萄酒馆', '/pc/ad/grapewine', 1, 1, '1');
INSERT INTO `ad_dictionary` VALUES (14, '洋酒馆', '/pc/ad/importedwine', 1, 1, '1');

-- ----------------------------
-- Table structure for ad_module
-- ----------------------------
DROP TABLE IF EXISTS `ad_module`;
CREATE TABLE `ad_module`  (
  `ad_module_id` varchar(36) CHARACTER SET utf8 COLLATE utf8_bin NOT NULL,
  `name` varchar(100) CHARACTER SET utf8 COLLATE utf8_bin NULL DEFAULT NULL COMMENT '名称',
  `system_id` varchar(16) CHARACTER SET utf8 COLLATE utf8_bin NULL DEFAULT NULL COMMENT '所属系统编码',
  `page_id` varchar(16) CHARACTER SET utf8 COLLATE utf8_bin NULL DEFAULT NULL COMMENT '所属页面编码',
  `status` int(1) NOT NULL DEFAULT 0 COMMENT '启用状态(1:启用,0:禁用)',
  `remarks` varchar(400) CHARACTER SET utf8 COLLATE utf8_bin NULL DEFAULT '' COMMENT '备注',
  `operating_time` datetime(0) NULL DEFAULT NULL COMMENT '操作时间',
  `number` varchar(3) CHARACTER SET utf8 COLLATE utf8_bin NOT NULL COMMENT '广告模块编号',
  PRIMARY KEY (`ad_module_id`) USING BTREE
) ENGINE = InnoDB CHARACTER SET = utf8 COLLATE = utf8_bin COMMENT = '广告模块列表' ROW_FORMAT = Dynamic;

-- ----------------------------
-- Records of ad_module
-- ----------------------------
INSERT INTO `ad_module` VALUES ('100001', '首页banner', '1', '10', 1, '首页banner', NULL, '01');
INSERT INTO `ad_module` VALUES ('100002', '首页1F白酒馆banner', '1', '10', 1, '首页1F白酒馆banner', NULL, '02');
INSERT INTO `ad_module` VALUES ('100003', '首页2F葡萄馆banner', '1', '10', 1, '首页2F葡萄馆banner', NULL, '03');
INSERT INTO `ad_module` VALUES ('100004', '首页3F洋馆banner', '1', '10', 1, '首页3F洋馆banner', NULL, '04');
INSERT INTO `ad_module` VALUES ('100005', '首页.疯狂抢购', '1', '10', 1, '首页.疯狂抢购', NULL, '05');
INSERT INTO `ad_module` VALUES ('100006', '首页.整箱特惠', '1', '10', 1, '首页.整箱特惠', NULL, '06');
INSERT INTO `ad_module` VALUES ('100007', '首页.口粮聚惠', '1', '10', 1, '首页.口粮聚惠', NULL, '07');
INSERT INTO `ad_module` VALUES ('100008', '首页.大牌特卖', '1', '10', 1, '首页.大牌特卖', NULL, '08');
INSERT INTO `ad_module` VALUES ('100009', '首页1F白酒馆广告', '1', '10', 1, '首页1F白酒馆广告', NULL, '09');
INSERT INTO `ad_module` VALUES ('100010', '首页2F葡萄馆广告', '1', '10', 1, '首页2F葡萄馆广告', NULL, '10');
INSERT INTO `ad_module` VALUES ('100011', '首页3F洋馆广告', '1', '10', 1, '首页3F洋馆广告', NULL, '11');
INSERT INTO `ad_module` VALUES ('100012', 'login banner', '1', '9', 1, 'login banner', NULL, '12');
INSERT INTO `ad_module` VALUES ('100013', '领券优惠', '1', '8', 0, '领券优惠', NULL, '13');

-- ----------------------------
-- Table structure for ad_module_copy1
-- ----------------------------
DROP TABLE IF EXISTS `ad_module_copy1`;
CREATE TABLE `ad_module_copy1`  (
  `ad_module_id` varchar(36) CHARACTER SET utf8 COLLATE utf8_bin NOT NULL,
  `name` varchar(100) CHARACTER SET utf8 COLLATE utf8_bin NULL DEFAULT NULL COMMENT '名称',
  `system_id` varchar(16) CHARACTER SET utf8 COLLATE utf8_bin NULL DEFAULT NULL COMMENT '所属系统编码',
  `page_id` varchar(16) CHARACTER SET utf8 COLLATE utf8_bin NULL DEFAULT NULL COMMENT '所属页面编码',
  `status` int(1) NOT NULL DEFAULT 0 COMMENT '启用状态(1:启用,0:禁用)',
  `remarks` varchar(400) CHARACTER SET utf8 COLLATE utf8_bin NULL DEFAULT '' COMMENT '备注',
  `operating_time` datetime(0) NULL DEFAULT NULL COMMENT '操作时间',
  `number` varchar(3) CHARACTER SET utf8 COLLATE utf8_bin NOT NULL COMMENT '广告模块编号',
  PRIMARY KEY (`ad_module_id`) USING BTREE
) ENGINE = InnoDB CHARACTER SET = utf8 COLLATE = utf8_bin COMMENT = '广告模块列表' ROW_FORMAT = Dynamic;

-- ----------------------------
-- Records of ad_module_copy1
-- ----------------------------
INSERT INTO `ad_module_copy1` VALUES ('100001', '首页banner', '1', '10', 1, '首页banner', NULL, '01');
INSERT INTO `ad_module_copy1` VALUES ('100002', '首页1F白酒馆banner', '1', '10', 1, '首页1F白酒馆banner', NULL, '02');
INSERT INTO `ad_module_copy1` VALUES ('100003', '首页2F葡萄馆banner', '1', '10', 1, '首页2F葡萄馆banner', NULL, '03');
INSERT INTO `ad_module_copy1` VALUES ('100004', '首页3F洋馆banner', '1', '10', 1, '首页3F洋馆banner', NULL, '04');
INSERT INTO `ad_module_copy1` VALUES ('100005', '首页.疯狂抢购', '1', '10', 1, '首页.疯狂抢购', NULL, '05');
INSERT INTO `ad_module_copy1` VALUES ('100006', '首页.整箱特惠', '1', '10', 1, '首页.整箱特惠', NULL, '06');
INSERT INTO `ad_module_copy1` VALUES ('100007', '首页.口粮聚惠', '1', '10', 1, '首页.口粮聚惠', NULL, '07');
INSERT INTO `ad_module_copy1` VALUES ('100008', '首页.大牌特卖', '1', '10', 1, '首页.大牌特卖', NULL, '08');
INSERT INTO `ad_module_copy1` VALUES ('100009', '首页1F白酒馆广告', '1', '10', 1, '首页1F白酒馆广告', NULL, '09');
INSERT INTO `ad_module_copy1` VALUES ('100010', '首页2F葡萄馆广告', '1', '10', 1, '首页2F葡萄馆广告', NULL, '10');
INSERT INTO `ad_module_copy1` VALUES ('100011', '首页3F洋馆广告', '1', '10', 1, '首页3F洋馆广告', NULL, '11');

-- ----------------------------
-- Table structure for ad_module_copy2
-- ----------------------------
DROP TABLE IF EXISTS `ad_module_copy2`;
CREATE TABLE `ad_module_copy2`  (
  `ad_module_id` varchar(36) CHARACTER SET utf8 COLLATE utf8_bin NOT NULL,
  `name` varchar(100) CHARACTER SET utf8 COLLATE utf8_bin NULL DEFAULT NULL COMMENT '名称',
  `system_id` varchar(16) CHARACTER SET utf8 COLLATE utf8_bin NULL DEFAULT NULL COMMENT '所属系统编码',
  `page_id` varchar(16) CHARACTER SET utf8 COLLATE utf8_bin NULL DEFAULT NULL COMMENT '所属页面编码',
  `status` int(1) NOT NULL DEFAULT 0 COMMENT '启用状态(1:启用,0:禁用)',
  `remarks` varchar(400) CHARACTER SET utf8 COLLATE utf8_bin NULL DEFAULT '' COMMENT '备注',
  `operating_time` datetime(0) NULL DEFAULT NULL COMMENT '操作时间',
  `number` varchar(3) CHARACTER SET utf8 COLLATE utf8_bin NOT NULL COMMENT '广告模块编号',
  PRIMARY KEY (`ad_module_id`) USING BTREE
) ENGINE = InnoDB CHARACTER SET = utf8 COLLATE = utf8_bin COMMENT = '广告模块列表' ROW_FORMAT = Dynamic;

-- ----------------------------
-- Records of ad_module_copy2
-- ----------------------------
INSERT INTO `ad_module_copy2` VALUES ('100001', '首页banner', '1', '10', 1, '首页banner', NULL, '01');
INSERT INTO `ad_module_copy2` VALUES ('100002', '首页1F白酒馆banner', '1', '10', 1, '首页1F白酒馆banner', NULL, '02');
INSERT INTO `ad_module_copy2` VALUES ('100003', '首页2F葡萄馆banner', '1', '10', 1, '首页2F葡萄馆banner', NULL, '03');
INSERT INTO `ad_module_copy2` VALUES ('100004', '首页3F洋馆banner', '1', '10', 1, '首页3F洋馆banner', NULL, '04');
INSERT INTO `ad_module_copy2` VALUES ('100005', '首页.疯狂抢购', '1', '10', 1, '首页.疯狂抢购', NULL, '05');
INSERT INTO `ad_module_copy2` VALUES ('100006', '首页.整箱特惠', '1', '10', 1, '首页.整箱特惠', NULL, '06');
INSERT INTO `ad_module_copy2` VALUES ('100007', '首页.口粮聚惠', '1', '10', 1, '首页.口粮聚惠', NULL, '07');
INSERT INTO `ad_module_copy2` VALUES ('100008', '首页.大牌特卖', '1', '10', 1, '首页.大牌特卖', NULL, '08');
INSERT INTO `ad_module_copy2` VALUES ('100009', '首页1F白酒馆广告', '1', '10', 1, '首页1F白酒馆广告', NULL, '09');
INSERT INTO `ad_module_copy2` VALUES ('100010', '首页2F葡萄馆广告', '1', '10', 1, '首页2F葡萄馆广告', NULL, '10');
INSERT INTO `ad_module_copy2` VALUES ('100011', '首页3F洋馆广告', '1', '10', 1, '首页3F洋馆广告', NULL, '11');
INSERT INTO `ad_module_copy2` VALUES ('100012', 'login banner', '1', '9', 1, 'login banner', NULL, '12');
INSERT INTO `ad_module_copy2` VALUES ('100013', '领券优惠', '1', '8', 0, '领券优惠', NULL, '13');

-- ----------------------------
-- Table structure for sms_log
-- ----------------------------
DROP TABLE IF EXISTS `sms_log`;
CREATE TABLE `sms_log`  (
  `id` varchar(36) CHARACTER SET utf8 COLLATE utf8_general_ci NOT NULL COMMENT '主键id',
  `sms_code` char(2) CHARACTER SET utf8 COLLATE utf8_general_ci NOT NULL COMMENT '短信模板id',
  `mobile` char(11) CHARACTER SET utf8 COLLATE utf8_general_ci NOT NULL COMMENT '手机号（用户登录号）',
  `content` varchar(2000) CHARACTER SET utf8 COLLATE utf8_general_ci NOT NULL COMMENT '短信模板内容',
  `result_code` char(10) CHARACTER SET utf8 COLLATE utf8_general_ci NULL DEFAULT NULL COMMENT '短信供应商-返回响应码',
  `result_msg` varchar(512) CHARACTER SET utf8 COLLATE utf8_general_ci NULL DEFAULT NULL COMMENT '短信供应商-返回响应描述',
  `create_time` timestamp(0) NOT NULL DEFAULT CURRENT_TIMESTAMP(0) COMMENT '创建时间',
  `update_time` timestamp(0) NULL DEFAULT NULL ON UPDATE CURRENT_TIMESTAMP(0) COMMENT '更新时间',
  PRIMARY KEY (`id`) USING BTREE
) ENGINE = InnoDB CHARACTER SET = utf8 COLLATE = utf8_general_ci COMMENT = '短信日志表' ROW_FORMAT = Dynamic;

-- ----------------------------
-- Records of sms_log
-- ----------------------------
INSERT INTO `sms_log` VALUES ('06c1acb7-444f-4341-8c6e-5ff8db71f465', '1', '13533659547', '注册验证码：1234，15分钟内输入有效，请立即注册。提示：请勿泄露给他人。', '0', '等待发送', '2018-10-28 15:35:11', NULL);
INSERT INTO `sms_log` VALUES ('2982f6ce-0f75-4f22-9139-9466478fc7c6', '1', '133264656XX', '注册验证码：8888，15分钟内输入有效，请立即注册。提示：请勿泄露给他人。', '-1', '手机号校验不通过', '2018-10-24 16:36:09', NULL);
INSERT INTO `sms_log` VALUES ('2aa75e06-8484-437b-8034-d5dca2b41410', '1', '13323232323', '注册验证码：1234，15分钟内输入有效，请立即注册。提示：请勿泄露给他人。', '0', '等待发送', '2018-10-28 15:28:40', NULL);
INSERT INTO `sms_log` VALUES ('34e0b9e2-3f91-4f11-ae4a-a3aedfbd89d2', '1', '13323232323', '注册验证码：1234，15分钟内输入有效，请立即注册。提示：请勿泄露给他人。', '0', '等待发送', '2018-10-28 02:15:26', NULL);
INSERT INTO `sms_log` VALUES ('3501077c-01c1-4545-879b-543648ed459a', '1', '13326465600', '注册验证码：8888，15分钟内输入有效，请立即注册。提示：请勿泄露给他人。', '0', NULL, '2018-10-27 00:30:39', NULL);
INSERT INTO `sms_log` VALUES ('35a6528b-97e3-4abe-afe6-d583af66a308', '1', '13326465600', '注册验证码：8888，15分钟内输入有效，请立即注册。提示：请勿泄露给他人。', '0', '等待发送', '2018-12-08 17:35:57', NULL);
INSERT INTO `sms_log` VALUES ('35e5ca2a-673b-4ce6-927d-4cd6d92d9022', '1', '13326465600', '注册验证码：8888，15分钟内输入有效，请立即注册。提示：请勿泄露给他人。', '0', '等待发送', '2018-12-04 11:20:24', NULL);
INSERT INTO `sms_log` VALUES ('391d951f-ab74-40aa-ab07-db3369ad5ac1', '1', '13326465600', '注册验证码：8888，15分钟内输入有效，请立即注册。提示：请勿泄露给他人。', '0', '成功', '2018-10-24 16:39:41', NULL);
INSERT INTO `sms_log` VALUES ('42092c41-79f1-4386-9862-36ec3f5dd2ca', '1', '13326465600', '注册验证码：8888，15分钟内输入有效，请立即注册。提示：请勿泄露给他人。', '0', '等待发送', '2018-12-05 10:46:02', NULL);
INSERT INTO `sms_log` VALUES ('5692c43f-7ac7-4ff2-a41b-29377c687610', '1', '13326465600', '注册验证码：8888，15分钟内输入有效，请立即注册。提示：请勿泄露给他人。', '0', NULL, '2018-10-27 00:29:22', NULL);
INSERT INTO `sms_log` VALUES ('5910d660-5e1d-45f3-aa81-638282750424', '1', '13326465600', '注册验证码：8888，15分钟内输入有效，请立即注册。提示：请勿泄露给他人。', '0', '等待发送', '2018-12-04 11:47:36', NULL);
INSERT INTO `sms_log` VALUES ('5f6f60fa-b36b-4ed6-b4c2-af54e9d12d55', '1', '13326465600', '注册验证码：8888，15分钟内输入有效，请立即注册。提示：请勿泄露给他人。', '0', '成功', '2018-10-24 16:35:07', NULL);
INSERT INTO `sms_log` VALUES ('6cfc91d9-fde6-47b0-96a8-359884d1c000', '1', '13323232323', '注册验证码：1234，15分钟内输入有效，请立即注册。提示：请勿泄露给他人。', '0', '等待发送', '2018-10-27 13:35:38', NULL);
INSERT INTO `sms_log` VALUES ('78a1a7b9-f159-4e3e-91ee-e1a7eaf4f8ac', '1', '13533659547', '注册验证码：1234，15分钟内输入有效，请立即注册。提示：请勿泄露给他人。', '0', '等待发送', '2018-10-28 15:29:58', NULL);
INSERT INTO `sms_log` VALUES ('9bc1f682-9261-4b20-bd6b-05c4d29da13a', '1', '13323232323', '注册验证码：1234，15分钟内输入有效，请立即注册。提示：请勿泄露给他人。', '0', '等待发送', '2018-10-28 15:33:31', NULL);
INSERT INTO `sms_log` VALUES ('bc5877c9-e09d-4eb0-8c61-4f322a8c80c8', '1', '13326465600', '注册验证码：8888，15分钟内输入有效，请立即注册。提示：请勿泄露给他人。', '0', '成功', '2018-10-24 16:31:50', NULL);
INSERT INTO `sms_log` VALUES ('d4d050bd-f17f-4c08-bdca-e2aab1f995dc', '1', '13326465600', '注册验证码：8888，15分钟内输入有效，请立即注册。提示：请勿泄露给他人。', '0', '等待发送', '2018-10-28 16:41:09', NULL);
INSERT INTO `sms_log` VALUES ('dc7fcf7d-6bb2-4a57-89f1-684c5864e929', '1', '13323232323', '注册验证码：1234，15分钟内输入有效，请立即注册。提示：请勿泄露给他人。', '0', '等待发送', '2018-10-28 15:36:42', NULL);
INSERT INTO `sms_log` VALUES ('e2232739-2b4c-4f5d-b4a9-69b479198cf6', '1', '133264656XX', '注册验证码：8888，15分钟内输入有效，请立即注册。提示：请勿泄露给他人。', '-1', '手机号校验不通过', '2018-10-24 16:27:11', NULL);
INSERT INTO `sms_log` VALUES ('e84af2fd-3394-4303-aed3-d54df944f4d1', '1', '13326465600', '注册验证码：8888，15分钟内输入有效，请立即注册。提示：请勿泄露给他人。', '0', '等待发送', '2018-11-10 10:06:18', NULL);
INSERT INTO `sms_log` VALUES ('f5d26ef8-82b4-4a14-9ef0-9235861c59f1', '1', '13326465600', '注册验证码：8888，15分钟内输入有效，请立即注册。提示：请勿泄露给他人。', '0', '等待发送', '2018-12-05 10:46:40', NULL);
INSERT INTO `sms_log` VALUES ('f6cd1350-ffb5-485f-b644-5d9c52f9bf53', '1', '13533659547', '注册验证码：1234，15分钟内输入有效，请立即注册。提示：请勿泄露给他人。', '0', '成功', '2018-10-28 15:37:34', NULL);
INSERT INTO `sms_log` VALUES ('f8e1b86c-f9c0-4c3d-ba31-e222415aa078', '1', '13326465600', '注册验证码：8888，15分钟内输入有效，请立即注册。提示：请勿泄露给他人。', '0', '成功', '2018-10-24 16:20:10', NULL);

-- ----------------------------
-- Table structure for sms_template
-- ----------------------------
DROP TABLE IF EXISTS `sms_template`;
CREATE TABLE `sms_template`  (
  `sms_id` varchar(36) CHARACTER SET utf8 COLLATE utf8_general_ci NOT NULL COMMENT '主键id',
  `biz_name` varchar(64) CHARACTER SET utf8 COLLATE utf8_general_ci NULL DEFAULT NULL COMMENT '业务名称',
  `content` varchar(2000) CHARACTER SET utf8 COLLATE utf8_general_ci NOT NULL COMMENT '短信模板内容',
  `create_time` timestamp(0) NOT NULL DEFAULT CURRENT_TIMESTAMP(0) COMMENT '创建时间',
  `update_time` timestamp(0) NULL DEFAULT NULL ON UPDATE CURRENT_TIMESTAMP(0) COMMENT '更新时间',
  `sms_code` char(2) CHARACTER SET utf8 COLLATE utf8_general_ci NOT NULL COMMENT '短信模版代码',
  PRIMARY KEY (`sms_id`) USING BTREE
) ENGINE = InnoDB CHARACTER SET = utf8 COLLATE = utf8_general_ci COMMENT = '短信模板表' ROW_FORMAT = Dynamic;

-- ----------------------------
-- Records of sms_template
-- ----------------------------
INSERT INTO `sms_template` VALUES ('1', '用户注册验证码', '注册验证码：{0}，15分钟内输入有效，请立即注册。提示：请勿泄露给他人。', '2018-10-24 10:56:54', '2018-11-18 09:22:20', '1');
INSERT INTO `sms_template` VALUES ('2', '账户付款验证码', '你的账户正在进行交易验证码：{0}，15分钟内输入有效，请尽快完成交易。提示：为保障你的账户安全，请勿泄露给他人。', '2018-08-30 00:27:31', '2018-11-04 11:14:32', '2');

SET FOREIGN_KEY_CHECKS = 1;
